Musical Name,Theater Name,Article Title,Publication Date,Article URL,Score,Paragraph 1,Paragraph 2,Paragraph 3,Paragraph 4,Paragraph 5,Paragraph 6,Paragraph 7,Paragraph 8,Paragraph 9,Paragraph 10,Paragraph 11,Paragraph 12,Paragraph 13,Paragraph 14,Paragraph 15,Paragraph 16,Paragraph 17,Paragraph 18,Paragraph 19,Paragraph 20,Paragraph 21,Paragraph 22,Paragraph 23,Paragraph 24,Paragraph 25,Paragraph 26,Paragraph 27,Paragraph 28,Paragraph 29,Paragraph 30,Paragraph 31,Paragraph 32,Paragraph 33,Paragraph 34,Paragraph 35,Paragraph 36,Paragraph 37,Paragraph 38,Paragraph 39,Paragraph 40,Paragraph 41,Paragraph 42,Paragraph 43,Paragraph 44,Paragraph 45,Paragraph 46,Paragraph 47,Paragraph 48,Paragraph 49,Paragraph 50
프랑켄슈타인,블루스퀘어,"'프랑켄슈타인', 끝없는 이기심을 보여준 인간의 최후[TF리뷰]","Fri, 19 Jul 2024 00:01:00 +0900",https://m.entertain.naver.com/article/629/0000305794,10
프랑켄슈타인,블루스퀘어,"아무나 못 하는 10주년, 그걸 해낸 ‘프랑켄슈타인’","Thu, 18 Jul 2024 23:33:00 +0900",https://n.news.naver.com/mnews/article/081/0003466006?sid=103,10
프랑켄슈타인,블루스퀘어,"뮤지컬 '프랑켄슈타인', 창작 뮤지컬 역사 쓰나","Thu, 18 Jul 2024 09:10:00 +0900",http://www.newsworker.co.kr/news/articleView.html?idxno=340187,10
프랑켄슈타인,블루스퀘어,"뮤지컬 ‘프랑켄슈타인’, 10주년 예매율도 가속 페달","Wed, 17 Jul 2024 20:11:00 +0900",https://m.entertain.naver.com/article/396/0000682983,10
프랑켄슈타인,블루스퀘어,10주년 '프랑켄슈타인' 다시 터진 신드롬,"Wed, 17 Jul 2024 15:13:00 +0900",https://m.entertain.naver.com/article/437/0000401947,10
프랑켄슈타인,블루스퀘어,"뮤지컬 ‘프랑켄슈타인’, 창작 뮤지컬 흥행 신화 다시 썼다…예매율 1위 이어...","Wed, 17 Jul 2024 15:00:00 +0900",http://www.globalepic.co.kr/view.php?ud=202407170853067355d3244b4fed_29,10
프랑켄슈타인,블루스퀘어,"창작 뮤지컬 '프랑켄슈타인', 예매율 1위...10주년 기념 시즌 티켓 오픈과 동...","Wed, 17 Jul 2024 10:30:00 +0900",https://www.mhns.co.kr/news/articleView.html?idxno=615235,10
프랑켄슈타인,블루스퀘어,유준상·신성록·규현·전동석 ‘프랑켄슈타인’ 예매율 1위,"Wed, 17 Jul 2024 10:29:00 +0900",https://n.news.naver.com/mnews/article/003/0012671086?sid=103,10
프랑켄슈타인,블루스퀘어,"뮤지컬 '프랑켄슈타인', 다시 써 내려가는 창작 뮤지컬 흥행 신화","Wed, 17 Jul 2024 09:02:00 +0900",https://www.stardailynews.co.kr/news/articleView.html?idxno=454507,10
프랑켄슈타인,블루스퀘어,뮤지컬 ‘프랑켄슈타인’ 예매율 1위 지키며 흥행,"Wed, 17 Jul 2024 08:57:00 +0900",https://n.news.naver.com/mnews/article/468/0001077636?sid=103,10
프랑켄슈타인,블루스퀘어,유준상·신성록·규현·전동석 '프랑켄슈타인' 예매율 1위 '굳건',"Wed, 17 Jul 2024 08:56:00 +0900",https://www.slist.kr/news/articleView.html?idxno=564540,10
프랑켄슈타인,블루스퀘어,"[더벨][Inside the Musical]&lt;프랑켄슈타인&gt; 고독과 운명의 대결, 10년의 서사...","Mon, 15 Jul 2024 08:28:00 +0900",https://www.thebell.co.kr/free/content/ArticleView.asp?key=202407121606085840107268,10
프랑켄슈타인,블루스퀘어,"뮤지컬 '프랑켄슈타인', 뉴캐스트 신선함이 주는 매력","Sat, 13 Jul 2024 22:00:00 +0900",https://www.gukjenews.com/news/articleView.html?idxno=3042803,10
프랑켄슈타인,블루스퀘어,"‘프랑켄슈타인’ 신성록X이해준X고은성, 뉴캐스트 신선함이 주는 매력 ‘관객...","Fri, 12 Jul 2024 12:40:00 +0900",http://www.globalepic.co.kr/view.php?ud=202407121026159196d3244b4fed_29,10
프랑켄슈타인,블루스퀘어,"뮤지컬 '프랑켄슈타인' 신성록X이지혜, KBS1 '열린음악회'서 공연 감동 전한다","Fri, 12 Jul 2024 11:56:00 +0900",http://www.newsinside.kr/news/articleView.html?idxno=2367238,10
프랑켄슈타인,블루스퀘어,"'프랑켄슈타인' 신성록·이해준·고은성, 뉴캐스트들의 신선한 매력","Fri, 12 Jul 2024 09:28:00 +0900",https://www.slist.kr/news/articleView.html?idxno=563454,10
프랑켄슈타인,블루스퀘어,"뮤지컬 '프랑켄슈타인' 신성록-이해준-고은성, 뉴캐스트들 활약에 작품 매력 ...","Fri, 12 Jul 2024 09:28:00 +0900",https://www.stardailynews.co.kr/news/articleView.html?idxno=454214,10
프랑켄슈타인,블루스퀘어,비뚤어진 사랑이 가져온 고독…뮤지컬 ‘프랑켄슈타인’,"Sun, 07 Jul 2024 07:18:00 +0900",https://www.kgnews.co.kr/news/article.html?no=800238,10
프랑켄슈타인,블루스퀘어,"뮤지컬 ‘프랑켄슈타인’ 신성록X이지혜, ‘열린음악회’ 출연","Sat, 06 Jul 2024 06:57:00 +0900",https://m.entertain.naver.com/article/144/0000973572,10
프랑켄슈타인,블루스퀘어,"[공연리뷰] '프랑켄슈타인' 신의 권위에 도전한 이, 피조물의 저주를 받다","Sat, 06 Jul 2024 00:06:00 +0900",https://www.newsculture.press/news/articleView.html?idxno=550545,10
프랑켄슈타인,블루스퀘어,뮤지컬 ‘프랑켄슈타인’ 신성록·이지혜 ... 7일 KBS1 '열린음악회' 출연,"Fri, 05 Jul 2024 23:26:00 +0900",http://www.ttlnews.com/article/life_culture/16295,10
프랑켄슈타인,블루스퀘어,[PRESS] '압도'의 경험으로 재탄생한 프랑켄슈타인 – 프랑켄슈타인 10주년 기...,"Fri, 05 Jul 2024 21:32:00 +0900",https://www.artinsight.co.kr/news/view.php?no=70812,10
프랑켄슈타인,블루스퀘어,"'프랑켄슈타인' 신성록X이지혜, 7일 '열린음악회' 출격","Fri, 05 Jul 2024 13:24:00 +0900",http://www.celuvmedia.com/article.php?aid=1720152933480379006,10
프랑켄슈타인,블루스퀘어,"뮤지컬 '프랑켄슈타인' 신성록X이지혜, '열린음악회' 출연 작품 감동 담아낸 ...","Fri, 05 Jul 2024 09:00:00 +0900",https://www.stardailynews.co.kr/news/articleView.html?idxno=453518,10
프랑켄슈타인,블루스퀘어,[Musical] 생명 창조의 괴물 같은 역사…뮤지컬 ‘프랑켄슈타인’,"Thu, 04 Jul 2024 16:05:00 +0900",https://n.news.naver.com/mnews/article/057/0001827708?sid=103,10
프랑켄슈타인,블루스퀘어,[리뷰] 모든 행동에는 대가가 따른다...뮤지컬 '프랑켄슈타인',"Thu, 04 Jul 2024 10:46:00 +0900",http://www.wolyo.co.kr/news/articleView.html?idxno=243082,10
프랑켄슈타인,블루스퀘어,신의 영역을 넘본 남자의 최후…뮤지컬 '프랑켄슈타인',"Wed, 03 Jul 2024 17:16:00 +0900",https://n.news.naver.com/mnews/article/018/0005780353?sid=103,10
프랑켄슈타인,블루스퀘어,"국립군산대 국어국문학과, 뮤지컬 '프랑켄슈타인' 10주년 공연 단체관람","Tue, 02 Jul 2024 15:24:00 +0900",https://www.pointdaily.co.kr/news/articleView.html?idxno=208699,10
프랑켄슈타인,블루스퀘어,"‘프랑켄슈타인’ 유준상, 30일 ‘식객 허영만의 백반기행’ 출연…예능감 넘...","Fri, 28 Jun 2024 16:50:00 +0900",http://www.globalepic.co.kr/view.php?ud=202406280933284772d3244b4fed_29,10
프랑켄슈타인,블루스퀘어,"창작뮤지컬 한계 깬 '프랑켄슈타인', 어느 새 10주년[알쓸공소]","Fri, 28 Jun 2024 14:16:00 +0900",https://n.news.naver.com/mnews/article/018/0005775842?sid=103,10
프랑켄슈타인,블루스퀘어,[리뷰] 광기와 슬픔의 피조물 ‘프랑켄슈타인’ …극한의 넘버 지탱하는 호연,"Fri, 28 Jun 2024 10:04:00 +0900",https://www.sportsw.kr/news/newsview.php?ncode=1065573191163205,10
프랑켄슈타인,블루스퀘어,"뮤지컬 '프랑켄슈타인' 유준상, '식객 허영만의 백반기행' 출연...예능감 넘치...","Fri, 28 Jun 2024 09:10:00 +0900",https://www.stardailynews.co.kr/news/articleView.html?idxno=452783,10
프랑켄슈타인,블루스퀘어,"뮤지컬 '프랑켄슈타인' 유준상, TV조선 '식객 허영만의 백반기행' 출연","Fri, 28 Jun 2024 09:06:00 +0900",https://www.ngonews.kr/news/articleView.html?idxno=153060,10
프랑켄슈타인,블루스퀘어,"유준상, 허영만 만났다..'백반기행' 출격하는 '프랑켄슈타인' 홍보요정","Thu, 27 Jun 2024 21:37:00 +0900",https://m.entertain.naver.com/article/109/0005106334,10
프랑켄슈타인,블루스퀘어,"'프랑켄슈타인'과 그의 피조물, 누가 괴물일까[김덕희의 온스테이지]","Mon, 24 Jun 2024 18:17:00 +0900",https://n.news.naver.com/mnews/article/014/0005203718?sid=103,10
프랑켄슈타인,블루스퀘어,1인2역 유준상·카이 압도적 몰입감…뮤지컬 '프랑켄슈타인'[리뷰],"Mon, 24 Jun 2024 09:51:00 +0900",https://n.news.naver.com/mnews/article/003/0012623818?sid=103,10
프랑켄슈타인,블루스퀘어,창작뮤지컬 '프랑켄슈타인' 원작 vs 공연 [김덕희의 온스테이지],"Mon, 24 Jun 2024 08:52:00 +0900",https://n.news.naver.com/mnews/article/014/0005203245?sid=103,10
프랑켄슈타인,블루스퀘어,[뮤지컬평점] 뮤지컬 '프랑켄슈타인'...사랑이 필요했던 저주받은 두 생명,"Sun, 23 Jun 2024 15:02:00 +0900",http://www.sisunnews.co.kr/news/articleView.html?idxno=212047,10
프랑켄슈타인,블루스퀘어,"뮤지컬 ‘프랑켄슈타인’ 유준상·규현, 22일 tvN ‘놀라운 토요일’ 출연","Fri, 21 Jun 2024 21:49:00 +0900",https://m.entertain.naver.com/article/144/0000970243,10
프랑켄슈타인,블루스퀘어,"뮤지컬 ‘프랑켄슈타인’ 유준상·규현, 예능 나들이! ‘놀라운 토요일’ 유쾌...","Fri, 21 Jun 2024 18:26:00 +0900",https://idsn.co.kr/news/view/1065601024934316,10
프랑켄슈타인,블루스퀘어,"[리뷰] 뮤지컬 '프랑켄슈타인', 폭풍처럼 몰아치는 위대한 생명 창조의 대서사...","Fri, 21 Jun 2024 17:08:00 +0900",https://www.mhns.co.kr/news/articleView.html?idxno=606223,10
프랑켄슈타인,블루스퀘어,"‘프랑켄슈타인’ 유준상X규현, 22일 ‘놀라운 토요일’ 출연…‘유쾌한 토크...","Fri, 21 Jun 2024 14:10:00 +0900",http://www.globalepic.co.kr/view.php?ud=202406211116084403d3244b4fed_29,10
프랑켄슈타인,블루스퀘어,유준상x규현 '놀토' 출격..'프랑켄슈타인' 넘버 열창까지 '찐 가족',"Fri, 21 Jun 2024 11:03:00 +0900",https://m.entertain.naver.com/article/109/0005102047,10
프랑켄슈타인,블루스퀘어,"'프랑켄슈타인' 유준상x규현, '놀토' 출격…라이브 열창","Fri, 21 Jun 2024 11:00:00 +0900",http://www.joynews24.com/view/1733173,10
프랑켄슈타인,블루스퀘어,"뮤지컬 '프랑켄슈타인' 유준상·규현, 22일 tvN '놀라운 토요일' 맹활약 예고","Fri, 21 Jun 2024 10:42:00 +0900",https://sports.hankooki.com/news/articleView.html?idxno=6866280,10
프랑켄슈타인,블루스퀘어,"'프랑켄슈타인' 유준상X규현, 내일(22일) '놀토' 출연","Fri, 21 Jun 2024 10:04:00 +0900",https://www.slist.kr/news/articleView.html?idxno=557941,10
프랑켄슈타인,블루스퀘어,"뮤지컬 '프랑켄슈타인' 유준상-규현, '놀라운 토요일' 출연...예능감 넘치는 ...","Fri, 21 Jun 2024 09:48:00 +0900",https://www.stardailynews.co.kr/news/articleView.html?idxno=452280,10
프랑켄슈타인,블루스퀘어,'시대에 따라 변화하는 괴물의 의미'...뮤지컬 '프랑켄슈타인' 10주년 기념 공...,"Fri, 21 Jun 2024 06:00:00 +0900",http://www.readersnews.com/news/articleView.html?idxno=112307,10
프랑켄슈타인,블루스퀘어,10주년 뮤지컬 '프랑켄슈타인' 티켓파워…유준상·신성록·규현·전동석,"Wed, 19 Jun 2024 11:13:00 +0900",https://n.news.naver.com/mnews/article/003/0012615173?sid=103,10
프랑켄슈타인,블루스퀘어,[리뷰] 프랑켄슈타인이 괴물이라는 오해는 이제 그만! 뮤지컬 '프랑켄슈타인',"Wed, 19 Jun 2024 10:24:00 +0900",http://www.withinnews.co.kr/news/view.html?section=9&category=119&item=&no=33643,10
프랑켄슈타인,블루스퀘어,"뮤지컬 '프랑켄슈타인' 신성록, '김영철의 파워 FM' 출연","Tue, 18 Jun 2024 09:56:00 +0900",http://www.newstnt.com/news/articleView.html?idxno=382686,10
프랑켄슈타인,블루스퀘어,"뮤지컬 ‘프랑켄슈타인’ 유준상, SBS ‘나이트라인’ 출연","Mon, 17 Jun 2024 19:59:00 +0900",https://m.entertain.naver.com/article/144/0000969098,10
프랑켄슈타인,블루스퀘어,"뮤지컬 ‘프랑켄슈타인’ 신성록, 18일 SBS 파워 FM ‘김영철의 파워 FM’ 출...","Mon, 17 Jun 2024 18:52:00 +0900",https://m.entertain.naver.com/article/144/0000969087,10
프랑켄슈타인,블루스퀘어,"신이 되고자 했던 인간 '프랑켄슈타인', 그의 나약함이란","Mon, 17 Jun 2024 15:28:00 +0900",https://m.entertain.naver.com/article/047/0002436927,10
프랑켄슈타인,블루스퀘어,"유준상, SBS ‘나이트라인’ 출연…뮤지컬 ‘프랑켄슈타인’ 관련 심도 깊은 ...","Mon, 17 Jun 2024 13:12:00 +0900",https://www.sportsw.kr/news/newsview.php?ncode=1065579764013624,10
프랑켄슈타인,블루스퀘어,"'프랑켄슈타인' 신성록 &quot;소속사 없어도 늘 퇴근길 팬미팅, 항상 감사한 마음으...","Mon, 17 Jun 2024 11:59:00 +0900",https://m.entertain.naver.com/article/112/0003703522,10
프랑켄슈타인,블루스퀘어,"신성록 “‘프랑켄슈타인’ 괴물 아닌 과학자 이름, 오해하고 잘 몰라”(라디...","Mon, 17 Jun 2024 11:39:00 +0900",https://m.entertain.naver.com/article/609/0000865464,10
프랑켄슈타인,블루스퀘어,'프랑켄슈타인' 신성록 &quot;한 번 하면 몸에 힘 하나도 없어..다 쏟아내는 느낌&quot;...,"Mon, 17 Jun 2024 11:30:00 +0900",https://m.entertain.naver.com/article/112/0003703516,10
프랑켄슈타인,블루스퀘어,"'프랑켄슈타인' 유준상, '나이트라인' 출연...에피소드 공개","Mon, 17 Jun 2024 09:26:00 +0900",https://www.slist.kr/news/articleView.html?idxno=556631,10
프랑켄슈타인,블루스퀘어,"뮤지컬 '프랑켄슈타인' 신성록, '박명수의 라디오쇼' 출연...작품 관련 비하인...","Mon, 17 Jun 2024 09:20:00 +0900",https://www.stardailynews.co.kr/news/articleView.html?idxno=451668,10
프랑켄슈타인,블루스퀘어,"'프랑켄슈타인' 신성록, 오늘(17일) 박명수 '라디오쇼' 출격","Mon, 17 Jun 2024 08:46:00 +0900",https://www.slist.kr/news/articleView.html?idxno=556594,10
프랑켄슈타인,블루스퀘어,"뮤지컬 프랑켄슈타인, 10주년 기념 공연 개막 성료","Wed, 12 Jun 2024 16:56:00 +0900",http://withinnews.co.kr/news/view.html?section=9&category=126&item=&no=33587,10
프랑켄슈타인,블루스퀘어,'프랑켄슈타인' 역사적 10주년 공연 막 올랐다,"Wed, 12 Jun 2024 08:07:00 +0900",https://m.entertain.naver.com/article/437/0000396749,10
프랑켄슈타인,블루스퀘어,10주년 맞은 뮤지컬 '프랑켄슈타인'… 기념공연 개막 성료,"Tue, 11 Jun 2024 16:42:00 +0900",https://www.newscj.com/news/articleView.html?idxno=3148419,10
프랑켄슈타인,블루스퀘어,"뮤지컬 ‘프랑켄슈타인’, 10주년 기념 공연 개막 성료…유준상 “공연할 날만...","Tue, 11 Jun 2024 15:50:00 +0900",http://www.globalepic.co.kr/view.php?ud=202406110924218944d3244b4fed_29,10
프랑켄슈타인,블루스퀘어,대작 온다…뮤지컬 ‘프랑켄슈타인’ 10주년 기념 공연 개막 성료,"Tue, 11 Jun 2024 14:35:00 +0900",https://m.entertain.naver.com/article/396/0000679145,10
프랑켄슈타인,블루스퀘어,‘프랑켄슈타인’ 10주년 공연 개막…유준상·신성록·규현 등 주역 7인 첫공...,"Tue, 11 Jun 2024 14:30:00 +0900",https://www.sportsw.kr/news/newsview.php?ncode=1065576043574842,10
프랑켄슈타인,블루스퀘어,"대작 뮤지컬 '프랑켄슈타인' 10주년 기념 공연, 성공적 개막","Tue, 11 Jun 2024 14:24:00 +0900",https://www.ngonews.kr/news/articleView.html?idxno=152223,10
프랑켄슈타인,블루스퀘어,뮤지컬 '프랑켄슈타인' 10주년 기념 공연 개막 성료,"Tue, 11 Jun 2024 11:48:00 +0900",http://www.readersnews.com/news/articleView.html?idxno=112235,10
프랑켄슈타인,블루스퀘어,규현 &quot;쉽지 않지만 즐거워&quot;...'프랑켄슈타인' 10주년 무대 시작,"Tue, 11 Jun 2024 11:31:00 +0900",https://m.entertain.naver.com/article/445/0000204979,10
프랑켄슈타인,블루스퀘어,유준상→신성록 '프랑켄슈타인' 10주년 기념 공연 성공적인 귀환,"Tue, 11 Jun 2024 11:06:00 +0900",https://m.entertain.naver.com/article/408/0000226148,10
프랑켄슈타인,블루스퀘어,"규현→고은성 뮤지컬 '프랑켄슈타인', 10주년 기념 공연 성황리 개막","Tue, 11 Jun 2024 10:42:00 +0900",https://www.mhns.co.kr/news/articleView.html?idxno=601685,10
프랑켄슈타인,블루스퀘어,뮤지컬 〈프랑켄슈타인〉 10주년 기념 공연 성공적 개막,"Tue, 11 Jun 2024 10:20:00 +0900",https://www.themusical.co.kr/News/Detail?num=14104,10
프랑켄슈타인,블루스퀘어,"뮤지컬 '프랑켄슈타인', 10주년 기념 공연 개막 성료!","Tue, 11 Jun 2024 09:34:00 +0900",https://www.gukjenews.com/news/articleView.html?idxno=3015830,10
프랑켄슈타인,블루스퀘어,유준상·신성록·규현·박은태·카이·이해준·고은성이 전한 '프랑켄슈타인'...,"Tue, 11 Jun 2024 09:08:00 +0900",https://www.newsculture.press/news/articleView.html?idxno=549468,10
프랑켄슈타인,블루스퀘어,"뮤지컬 '프랑켄슈타인' 유준상-신성록-규현-박은태-카이-이해준-고은성, 10주...","Tue, 11 Jun 2024 09:04:00 +0900",https://www.stardailynews.co.kr/news/articleView.html?idxno=451189,10
프랑켄슈타인,블루스퀘어,뮤지컬 '프랑켄슈타인' 10주년 기념 공연 성공적 개막...유준상 &quot;너무 행복&quot;,"Tue, 11 Jun 2024 08:50:00 +0900",https://www.slist.kr/news/articleView.html?idxno=555120,10
프랑켄슈타인,블루스퀘어,"뮤지컬 배우 카이, 첫공부터 레전드... '프랑켄슈타인' 첫공 성료","Sun, 09 Jun 2024 19:36:00 +0900",http://www.newstnt.com/news/articleView.html?idxno=379716,10
프랑켄슈타인,블루스퀘어,"뮤지컬 배우 카이, '프랑켄슈타인' 첫공 성료","Fri, 07 Jun 2024 19:38:00 +0900",http://www.withinnews.co.kr/news/view.html?section=9&category=126&item=&no=33559,10
프랑켄슈타인,블루스퀘어,"카이의 '앙리'와 '괴물', 제대로 돌아왔다...'프랑켄슈타인' 첫공 성료","Fri, 07 Jun 2024 12:38:00 +0900",https://www.newsculture.press/news/articleView.html?idxno=549297,10
프랑켄슈타인,블루스퀘어,"카이, '프랑켄슈타인' 첫공 성공적...&quot;매회 몸·마음 부서져라 최선 다할 것&quot;","Fri, 07 Jun 2024 12:00:00 +0900",https://www.slist.kr/news/articleView.html?idxno=554345,10
프랑켄슈타인,블루스퀘어,"뮤지컬 ‘프랑켄슈타인’, 5일 10주년 기념 공연 개막…새롭게 쓰는 위대한 생...","Wed, 05 Jun 2024 17:02:00 +0900",http://www.globalepic.co.kr/view.php?ud=202406050925085706d3244b4fed_29,10
프랑켄슈타인,블루스퀘어,"뮤지컬 '프랑켄슈타인', 역사적인 10주년 기념 공연 오늘(5일) 개막","Wed, 05 Jun 2024 16:40:00 +0900",https://idsn.co.kr/news/view/1065594625134422,10
프랑켄슈타인,블루스퀘어,"유준상, 9년만 컴백…'프랑켄슈타인' 10주년 기념 공연 개막","Wed, 05 Jun 2024 13:15:00 +0900",https://m.entertain.naver.com/article/408/0000225657,10
프랑켄슈타인,블루스퀘어,"유준상, '프랑켄슈타인' 프로필 B컷 공개…'9년만의 완벽 빅터 커밍순'","Wed, 05 Jun 2024 11:56:00 +0900",https://m.entertain.naver.com/article/030/0003212131,10
프랑켄슈타인,블루스퀘어,‘프랑켄슈타인’ 이해준 “처음으로 도전하는 1인 2역…사력 다해 준비했다”,"Wed, 05 Jun 2024 11:04:00 +0900",https://www.sportsw.kr/news/newsview.php?ncode=1065577696737881,10
프랑켄슈타인,블루스퀘어,"이해준, ‘프랑켄슈타인’ NEW ‘앙리 뒤프레&amp;괴물’ 베일 벗는","Wed, 05 Jun 2024 10:44:00 +0900",https://m.entertain.naver.com/article/396/0000678618,10
프랑켄슈타인,블루스퀘어,"유준상, 뮤지컬 '프랑켄슈타인' 9년 만에 컴백","Wed, 05 Jun 2024 10:42:00 +0900",http://www.tvdaily.co.kr/read.php3?aid=17175515891713105002,10
프랑켄슈타인,블루스퀘어,"‘프랑켄슈타인’ 첫 공연 D-1 유준상, 빅터 그 자체 프로필 촬영 비하인드 공...","Wed, 05 Jun 2024 10:30:00 +0900",http://www.globalepic.co.kr/view.php?ud=202406050953155823d3244b4fed_29,10
프랑켄슈타인,블루스퀘어,"10주년 기념 뮤지컬 '프랑켄슈타인', 오늘(5일) 생명창조의 역사 시작","Wed, 05 Jun 2024 09:30:00 +0900",https://www.newsculture.press/news/articleView.html?idxno=549198,10
프랑켄슈타인,블루스퀘어,"뮤지컬 '프랑켄슈타인', 10주년 기념 공연 오늘(5일) 개막","Wed, 05 Jun 2024 09:24:00 +0900",https://www.stardailynews.co.kr/news/articleView.html?idxno=450786,10
프랑켄슈타인,블루스퀘어,"뮤지컬 '프랑켄슈타인' 오늘(5일) 개막…유준상, 9년만 빅터役 귀환","Wed, 05 Jun 2024 09:22:00 +0900",http://www.celuvmedia.com/article.php?aid=1717546286478200006,10
프랑켄슈타인,블루스퀘어,"뮤지컬 '프랑켄슈타인', 10주년 기념 공연 오늘(5일) 개막!","Wed, 05 Jun 2024 09:20:00 +0900",https://www.gukjenews.com/news/articleView.html?idxno=3012034,10
프랑켄슈타인,블루스퀘어,"유준상, 뮤지컬 ‘프랑켄슈타인’ 첫공 D-1…9년 만 컴백","Wed, 05 Jun 2024 09:16:00 +0900",https://m.entertain.naver.com/article/382/0001130071,10
프랑켄슈타인,블루스퀘어,"박은태·이해준·고은성…10주년 '프랑켄슈타인', 오늘 개막","Wed, 05 Jun 2024 08:50:00 +0900",https://www.slist.kr/news/articleView.html?idxno=553822,10
프랑켄슈타인,블루스퀘어,"[공연소식] '프랑켄슈타인' 10주년→'시카고', '어햎'...6월 뮤지컬 개막작은...","Sun, 26 May 2024 13:32:00 +0900",https://www.mhns.co.kr/news/articleView.html?idxno=594660,10
프랑켄슈타인,블루스퀘어,"뮤지컬 '프랑켄슈타인', '뮤라스'로 공개된 환상적넘버","Mon, 20 May 2024 06:56:00 +0900",http://www.newstnt.com/news/articleView.html?idxno=373267,10
프랑켄슈타인,블루스퀘어,"10주년 '프랑켄슈타인' 신성록·이해준·규현, 미리 본 환상의 라이브","Fri, 17 May 2024 18:47:00 +0900",https://m.entertain.naver.com/article/437/0000393152,10
프랑켄슈타인,블루스퀘어,뮤지컬 '프랑켄슈타인' 10주년 맞아...신성록·이해준·규현 넘버 라이브 공개,"Fri, 17 May 2024 18:12:00 +0900",https://www.mhns.co.kr/news/articleView.html?idxno=593313,10
프랑켄슈타인,블루스퀘어,"'프랑켄슈타인', 신성록·이해준·규현 '뮤라스' 공개","Fri, 17 May 2024 12:26:00 +0900",https://www.slist.kr/news/articleView.html?idxno=549390,10
프랑켄슈타인,블루스퀘어,"신성록·이해준·규현, '뮤라스' 공개...미리 만난 뮤지컬 '프랑켄슈타인'","Fri, 17 May 2024 10:52:00 +0900",https://www.newsculture.press/news/articleView.html?idxno=548183,10
프랑켄슈타인,블루스퀘어,"뮤지컬 '프랑켄슈타인', 신성록·이해준·규현 '뮤라스' 공개","Fri, 17 May 2024 10:42:00 +0900",https://www.stardailynews.co.kr/news/articleView.html?idxno=448893,10
프랑켄슈타인,블루스퀘어,‘프랑켄슈타인’ 신성록-이해준-규현 ‘뮤라스’ 공개…미리 보는 3인 3색 넘...,"Fri, 17 May 2024 10:28:00 +0900",https://www.sportsw.kr/news/newsview.php?ncode=1065575404487416,10
프랑켄슈타인,블루스퀘어,"뮤지컬 '프랑켄슈타인', 메이킹 영상...공개!","Thu, 09 May 2024 09:52:00 +0900",http://www.newstnt.com/news/articleView.html?idxno=370418,10
프랑켄슈타인,블루스퀘어,뮤지컬 '프랑켄슈타인' 메이킹 영상 공개,"Wed, 08 May 2024 20:12:00 +0900",http://www.m-i.kr/news/articleView.html?idxno=1118634,10
프랑켄슈타인,블루스퀘어,뮤지컬 〈프랑켄슈타인〉 메이킹 영상 공개,"Wed, 08 May 2024 10:58:00 +0900",https://www.themusical.co.kr/News/Detail?num=14047,10
프랑켄슈타인,블루스퀘어,유준상→신성록…뮤지컬 '프랑켄슈타인' 메이킹 영상 공개,"Wed, 08 May 2024 10:14:00 +0900",https://www.mediapen.com/news/view/917952,10
프랑켄슈타인,블루스퀘어,"뮤지컬 '프랑켄슈타인', 메이킹 영상 공개... 압도적인 작품 분위기~","Wed, 08 May 2024 09:48:00 +0900",https://www.gukjenews.com/news/articleView.html?idxno=2988277,10
프랑켄슈타인,블루스퀘어,"뮤지컬 '프랑켄슈타인', 압도적 분위기 메이킹영상 공개","Wed, 08 May 2024 09:02:00 +0900",https://www.slist.kr/news/articleView.html?idxno=547171,10
프랑켄슈타인,블루스퀘어,"뮤지컬 '프랑켄슈타인', 메이킹 영상 공개","Wed, 08 May 2024 08:54:00 +0900",https://www.stardailynews.co.kr/news/articleView.html?idxno=448014,10
프랑켄슈타인,블루스퀘어,뮤지컬 〈프랑켄슈타인〉 상견례 현장 공개,"Fri, 03 May 2024 11:24:00 +0900",https://www.themusical.co.kr/News/Detail?num=14037,10
프랑켄슈타인,블루스퀘어,뮤지컬 ‘프랑켄슈타인’ 10주년 기념 공연 상견례 현장 “최고의 작품으로 만...,"Fri, 03 May 2024 11:04:00 +0900",https://www.sportsw.kr/news/newsview.php?ncode=1065575454525999,10
프랑켄슈타인,블루스퀘어,"뮤지컬 '프랑켄슈타인', 역사적인 상견례 사진 공개","Fri, 03 May 2024 09:26:00 +0900",http://www.newstnt.com/news/articleView.html?idxno=368961,10
프랑켄슈타인,블루스퀘어,유준상·신성록에 박은태까지…'프랑켄슈타인' 상견례 공개,"Thu, 02 May 2024 18:32:00 +0900",https://n.news.naver.com/mnews/article/015/0004980018?sid=103,10
프랑켄슈타인,블루스퀘어,"10주년 기념 공연 뮤지컬 ‘프랑켄슈타인’, 설렘 가득한 상견례 현장 사진 공...","Thu, 02 May 2024 16:40:00 +0900",https://idsn.co.kr/news/view/1065594707959485,10
프랑켄슈타인,블루스퀘어,"뮤지컬 '프랑켄슈타인', 설렘 가득한 상견례 현장 사진 공개!","Thu, 02 May 2024 16:38:00 +0900",https://www.gukjenews.com/news/articleView.html?idxno=2984696,10
프랑켄슈타인,블루스퀘어,뮤지컬 '프랑켄슈타인' 10주년 기념 공연 상견례 공개..역사적 출발,"Thu, 02 May 2024 13:37:00 +0900",https://m.entertain.naver.com/article/112/0003695030,10
프랑켄슈타인,블루스퀘어,"'프랑켄슈타인' 유준상·신성록→박은태, 역사적인 상견례 현장","Thu, 02 May 2024 13:09:00 +0900",https://m.entertain.naver.com/article/408/0000222221,10
프랑켄슈타인,블루스퀘어,"뮤지컬 '프랑켄슈타인', 유준상-신성록-전동석 등 주요 배우 총출동 설렘 가득...","Thu, 02 May 2024 11:10:00 +0900",https://www.stardailynews.co.kr/news/articleView.html?idxno=447602,10
프랑켄슈타인,블루스퀘어,"뮤지컬 '프랑켄슈타인', 2차 프로필 사진 공개!","Tue, 30 Apr 2024 21:12:00 +0900",https://www.gukjenews.com/news/articleView.html?idxno=2982935,10
프랑켄슈타인,블루스퀘어,"뮤지컬 ‘프랑켄슈타인’, 2차 프로필 사진 공개…캐릭터 몰입도 느껴지는 진...","Mon, 29 Apr 2024 19:02:00 +0900",http://www.globalepic.co.kr/view.php?ud=202404291532502308d3244b4fed_29,10
프랑켄슈타인,블루스퀘어,"뮤지컬 '프랑켄슈타인' 전동석→고은성, 흑백감성 홀릭 프사 공개","Mon, 29 Apr 2024 13:40:00 +0900",https://www.slist.kr/news/articleView.html?idxno=545015,10
프랑켄슈타인,블루스퀘어,뮤지컬 〈프랑켄슈타인〉 2차 프로필 사진 공개,"Mon, 29 Apr 2024 12:44:00 +0900",https://www.themusical.co.kr/News/Detail?num=14031,10
프랑켄슈타인,블루스퀘어,"뮤지컬 '프랑켄슈타인', 캐릭터 몰입도 느껴지는 2차 프로필 사진 공개","Mon, 29 Apr 2024 10:46:00 +0900",https://www.stardailynews.co.kr/news/articleView.html?idxno=447353,10
프랑켄슈타인,블루스퀘어,"뮤지컬 '프랑켄슈타인', 1차 티켓 오픈 직후 1위 석권!","Fri, 26 Apr 2024 09:02:00 +0900",http://www.newstnt.com/news/articleView.html?idxno=366535,10
프랑켄슈타인,블루스퀘어,뮤지컬 '프랑켄슈타인' 1차티켓 오픈 직후 1위 석권! 압도적 흥행 서막,"Thu, 25 Apr 2024 20:46:00 +0900",https://www.slist.kr/news/articleView.html?idxno=544198,10
프랑켄슈타인,블루스퀘어,"'프랑켄슈타인', 압도적인 흥행 명작 기록 이어간다! 경이적인 예매율로 공연...","Thu, 25 Apr 2024 16:00:00 +0900",https://idsn.co.kr/news/view/1065592581776310,10
프랑켄슈타인,블루스퀘어,"뮤지컬 '프랑켄슈타인' 10주년 기념공연, 1차 티켓 오픈 직후 예매율 1위..최...","Thu, 25 Apr 2024 14:37:00 +0900",https://m.entertain.naver.com/article/112/0003693801,10
프랑켄슈타인,블루스퀘어,"뮤지컬 ‘프랑켄슈타인’, 10주년 기념 공연 트레일러 영상 공개…레전드 라인...","Tue, 23 Apr 2024 16:12:00 +0900",http://www.globalepic.co.kr/view.php?ud=202404230928286349d3244b4fed_29,10
프랑켄슈타인,블루스퀘어,뮤지컬 〈프랑켄슈타인〉 10주년 기념 공연 트레일러 영상 공개,"Tue, 23 Apr 2024 11:15:00 +0900",https://www.themusical.co.kr/News/Detail?num=14025,10
프랑켄슈타인,블루스퀘어,뮤지컬 '프랑켄슈타인' 10주년 기념 공연 트레일러 영상 공개..25일 1차 티켓...,"Tue, 23 Apr 2024 11:06:00 +0900",http://www.readersnews.com/news/articleView.html?idxno=111852,10
프랑켄슈타인,블루스퀘어,"뮤지컬 '프랑켄슈타인', 10주년 기념 공연 트레일러 영상 공개","Tue, 23 Apr 2024 09:28:00 +0900",https://www.gukjenews.com/news/articleView.html?idxno=2976021,10
프랑켄슈타인,블루스퀘어,"뮤지컬 '프랑켄슈타인', 트레일러 영상 공개→1차 티켓오픈","Tue, 23 Apr 2024 09:14:00 +0900",https://www.slist.kr/news/articleView.html?idxno=543407,10
프랑켄슈타인,블루스퀘어,"뮤지컬 '프랑켄슈타인', 10주년 기념 공연 트레일러 영상 공개....캐릭터에 몰...","Tue, 23 Apr 2024 08:38:00 +0900",https://www.stardailynews.co.kr/news/articleView.html?idxno=446665,10
프랑켄슈타인,블루스퀘어,뮤지컬 '프랑켄슈타인' 10주년 기념 공연 캐스팅 공개,"Fri, 19 Apr 2024 21:20:00 +0900",http://www.withinnews.co.kr/news/view.html?section=9&category=126&item=&no=33144,10
프랑켄슈타인,블루스퀘어,"뮤지컬 ‘프랑켄슈타인’, 6월 개막... 유준상·신성록·규현·전동석.. 박은...","Thu, 18 Apr 2024 08:04:00 +0900",https://m.entertain.naver.com/article/438/0000064279,10
프랑켄슈타인,블루스퀘어,"뮤지컬 '프랑켄슈타인', 10주년 기념 공연 캐스팅 공개","Wed, 17 Apr 2024 09:52:00 +0900",http://www.newstnt.com/news/articleView.html?idxno=363325,10
프랑켄슈타인,블루스퀘어,"뮤지컬 '프랑켄슈타인' 10주년 공연, 유준상·박은태 등 출연","Wed, 17 Apr 2024 07:46:00 +0900",https://n.news.naver.com/mnews/article/018/0005716862?sid=103,10
프랑켄슈타인,블루스퀘어,"유준상X전동석→박은태X카이 등, 뮤지컬 '프랑켄슈타인' 10주년 공연 캐스팅(...","Tue, 16 Apr 2024 19:36:00 +0900",https://m.entertain.naver.com/article/112/0003692070,10
프랑켄슈타인,블루스퀘어,"유준상·신성록·규현·전동석, ‘프랑켄슈타인’ 10주년 기념 공연 캐스팅 [...","Tue, 16 Apr 2024 16:57:00 +0900",https://m.entertain.naver.com/article/009/0005289118,10
프랑켄슈타인,블루스퀘어,"유준상, 신성록, 규현, 전동석...뮤지컬 '프랑켄슈타인' 10주년 공연 캐스팅 ...","Tue, 16 Apr 2024 16:12:00 +0900",https://www.mhns.co.kr/news/articleView.html?idxno=582381,10
프랑켄슈타인,블루스퀘어,"'프랑켄슈타인' 10주년, 유준상·신성록·규현·전동석 등 전 캐스트 확정…6...","Tue, 16 Apr 2024 15:30:00 +0900",https://m.entertain.naver.com/article/030/0003198435,10
프랑켄슈타인,블루스퀘어,뮤지컬 '프랑켄슈타인' 10주년 공연…유준상·고은성·규현,"Tue, 16 Apr 2024 15:24:00 +0900",https://n.news.naver.com/mnews/article/079/0003885939?sid=103,10
프랑켄슈타인,블루스퀘어,"뮤지컬 배우 이해준 '프랑켄슈타인' 앙리, 괴물役 캐스팅 &quot;배우로서 꼭 도전해...","Tue, 16 Apr 2024 15:14:00 +0900",https://www.idaegu.co.kr/news/articleView.html?idxno=457475,10
프랑켄슈타인,블루스퀘어,뮤지컬 ‘프랑켄슈타인’ 10주년에 ﻿유준상·신성록·규현·전동석,"Tue, 16 Apr 2024 14:53:00 +0900",https://n.news.naver.com/mnews/article/056/0011702629?sid=103,10
프랑켄슈타인,블루스퀘어,"뮤지컬 ‘프랑켄슈타인’, 유준상→고은성 10주년 기념 레전드 라인업 캐스팅...","Tue, 16 Apr 2024 14:20:00 +0900",https://www.bntnews.co.kr/article/view/bnt202404160053,10
프랑켄슈타인,블루스퀘어,뮤지컬 배우 이해준이 보여줄 프랑켄슈타인은?,"Tue, 16 Apr 2024 14:12:00 +0900",https://n.news.naver.com/mnews/article/468/0001050845?sid=103,10
프랑켄슈타인,블루스퀘어,"유준상→신성록·규현, '프랑켄슈타인' 10주년 캐스팅 확정","Tue, 16 Apr 2024 14:09:00 +0900",https://m.entertain.naver.com/article/408/0000220774,10
프랑켄슈타인,블루스퀘어,"유준상·신성록·규현·전동석, 뮤지컬 '프랑켄슈타인' 캐스팅 공개","Tue, 16 Apr 2024 14:08:00 +0900",http://www.hg-times.com/news/articleView.html?idxno=260474,10
프랑켄슈타인,블루스퀘어,‘프랑켄슈타인’ 유준상부터 규현까지‥10주년 기념 공연 캐스팅 공개,"Tue, 16 Apr 2024 13:18:00 +0900",https://n.news.naver.com/mnews/article/609/0000844228?sid=004,10
프랑켄슈타인,블루스퀘어,뮤지컬 ‘프랑켄슈타인’ 10주년 기념 공연 캐스팅 공개…유준상X신성록X규현...,"Tue, 16 Apr 2024 13:12:00 +0900",http://www.globalepic.co.kr/view.php?ud=202404161032527432d3244b4fed_29,10
프랑켄슈타인,블루스퀘어,뮤지컬 '프랑켄슈타인' 10주년에 유준상·신성록·규현·전동석,"Tue, 16 Apr 2024 12:07:00 +0900",http://tbs.seoul.kr/news/newsView.do?typ_800=5&idx_800=3519841&seq_800=20512622,10
프랑켄슈타인,블루스퀘어,"유준상·신성록·규현·전동석·박은태·카이·이해준·고은성, '프랑켄슈타인...","Tue, 16 Apr 2024 12:04:00 +0900",https://www.newsculture.press/news/articleView.html?idxno=546624,10
프랑켄슈타인,블루스퀘어,"이해준, ‘프랑켄슈타인’ 캐스팅 “꼭 도전해보고 싶었던 작품, 행복하게 작...","Tue, 16 Apr 2024 11:36:00 +0900",https://www.sportsw.kr/news/newsview.php?ncode=1065579042203707,10
프랑켄슈타인,블루스퀘어,"뮤지컬 '프랑켄슈타인', 유준상·신성록·규현·전동석","Tue, 16 Apr 2024 11:16:00 +0900",https://n.news.naver.com/mnews/article/003/0012493971?sid=103,10
프랑켄슈타인,블루스퀘어,돌아온 유준상·개근 박은태…'프랑켄슈타인' 캐스팅 공개,"Tue, 16 Apr 2024 11:03:00 +0900",https://n.news.naver.com/mnews/article/015/0004973394?sid=103,10
프랑켄슈타인,블루스퀘어,"‘프랑켄슈타인’ 10주년 시즌 캐스팅 공개, 신성록-이해준-고은성 등 참여","Tue, 16 Apr 2024 10:38:00 +0900",https://www.sportsw.kr/news/newsview.php?ncode=1065575291326410,10
프랑켄슈타인,블루스퀘어,뮤지컬 〈프랑켄슈타인〉 6월 개막…유준상·신성록·규현·전동석 등 캐스팅,"Tue, 16 Apr 2024 10:34:00 +0900",https://www.themusical.co.kr/News/Detail?num=14008,10
프랑켄슈타인,블루스퀘어,유준상·신성록·규현·전동석...최강캐스트 '프랑켄슈타인' 온다,"Tue, 16 Apr 2024 10:32:00 +0900",https://magazine.hankyung.com/money/article/202404163967c,10
프랑켄슈타인,블루스퀘어,뮤지컬 '프랑켄슈타인' 10주년에 유준상·신성록·규현·전동석,"Tue, 16 Apr 2024 10:28:00 +0900",https://n.news.naver.com/mnews/article/001/0014633107?sid=103,10
프랑켄슈타인,블루스퀘어,"뮤지컬 '프랑켄슈타인', 10주년 기념 공연 캐스팅 공개!","Tue, 16 Apr 2024 10:22:00 +0900",https://www.gukjenews.com/news/articleView.html?idxno=2969915,10
프랑켄슈타인,블루스퀘어,"뮤지컬 '프랑켄슈타인', 10주년 기념 공연 캐스팅 공개... 유준상·신성록·규...","Tue, 16 Apr 2024 10:22:00 +0900",https://www.stardailynews.co.kr/news/articleView.html?idxno=445772,10
프랑켄슈타인,블루스퀘어,유준상·신성록·박은태·고은성…'프랑켄슈타인' 10주년 빛낸다,"Tue, 16 Apr 2024 10:16:00 +0900",https://www.newdaily.co.kr/site/data/html/2024/04/16/2024041600067.html,10
프랑켄슈타인,블루스퀘어,"유준상, 신성록, 규현, 전동석...'프랑켄슈타인' 10주년 채운다","Tue, 16 Apr 2024 10:15:00 +0900",https://m.entertain.naver.com/article/445/0000185549,10
프랑켄슈타인,블루스퀘어,"유준상→신성록·고은성, 뮤지컬 '프랑켄슈타인' 10주년 공연 캐스팅 공개","Tue, 16 Apr 2024 10:14:00 +0900",http://www.celuvmedia.com/article.php?aid=1713229301475385006,10
프랑켄슈타인,블루스퀘어,'프랑켄슈타인' 10주년 공연 캐스팅 공개…유준상·신성록·규현·전동석 등,"Tue, 16 Apr 2024 10:08:00 +0900",https://www.slist.kr/news/articleView.html?idxno=541663,10
프랑켄슈타인,블루스퀘어,뮤지컬 '프랑켄슈타인' 10주년 공연 2차 티저영상 공개,"Sat, 13 Apr 2024 11:00:00 +0900",https://n.news.naver.com/mnews/article/003/0012489589?sid=103,10
프랑켄슈타인,블루스퀘어,"뮤지컬 ‘프랑켄슈타인’, 2차 티저 영상 공개 캐릭터 등장→실험실 꽉 채우는...","Fri, 12 Apr 2024 18:36:00 +0900",https://idsn.co.kr/news/view/1065601558035267,10
프랑켄슈타인,블루스퀘어,"뮤지컬 '프랑켄슈타인', 2차 티저영상 캐릭터 등장","Fri, 12 Apr 2024 17:56:00 +0900",https://www.slist.kr/news/articleView.html?idxno=540837,10
프랑켄슈타인,블루스퀘어,"뮤지컬 ‘프랑켄슈타인’, 2차 티저 영상 공개…휘몰아치는 긴장감 선사","Fri, 12 Apr 2024 12:02:00 +0900",http://www.globalepic.co.kr/view.php?ud=202404121119106951d3244b4fed_29,10
프랑켄슈타인,블루스퀘어,유준상? 전동석? 규현? '프랑켄슈타인' 티저에 누리꾼 추리력 풀가동,"Fri, 12 Apr 2024 11:47:00 +0900",https://m.entertain.naver.com/article/445/0000183918,10
프랑켄슈타인,블루스퀘어,"뮤지컬 '프랑켄슈타인', 2차 티저 영상 공개…휘몰아 치는 긴장감 선사","Fri, 12 Apr 2024 10:30:00 +0900",https://www.kfenews.co.kr/news/articleView.html?idxno=621268,10
프랑켄슈타인,블루스퀘어,"뮤지컬 〈프랑켄슈타인〉 10주년 기념 공연, 2차 티저 영상 공개","Fri, 12 Apr 2024 10:05:00 +0900",https://www.themusical.co.kr/News/Detail?num=14004,10
프랑켄슈타인,블루스퀘어,"뮤지컬 '프랑켄슈타인', 2차 티저 영상 공개","Fri, 12 Apr 2024 09:54:00 +0900",https://www.stardailynews.co.kr/news/articleView.html?idxno=445124,10
프랑켄슈타인,블루스퀘어,"&quot;묵직 존재감&quot;..뮤지컬 '프랑켄슈타인', 10주년 기념 공연 2차 티저영상 공개","Fri, 12 Apr 2024 09:46:00 +0900",https://m.entertain.naver.com/article/112/0003691260,10
프랑켄슈타인,블루스퀘어,"뮤지컬 '프랑켄슈타인', 2차 티저 영상 캐릭터 등장!","Fri, 12 Apr 2024 09:22:00 +0900",https://www.gukjenews.com/news/articleView.html?idxno=2967124,10
프랑켄슈타인,블루스퀘어,"뮤지컬 '프랑켄슈타인', 캐릭터 등장 티저에 기대감 증폭","Fri, 12 Apr 2024 09:09:00 +0900",https://n.news.naver.com/mnews/article/015/0004971892?sid=103,10
프랑켄슈타인,블루스퀘어,"뮤지컬 '프랑켄슈타인', 티저 영상 속 휘몰아치는 긴장감 선사","Fri, 12 Apr 2024 09:08:00 +0900",https://www.newsculture.press/news/articleView.html?idxno=546422,10
프랑켄슈타인,블루스퀘어,"[단독] 유준상, 10주년 뮤지컬 '프랑켄슈타인' 합류","Fri, 12 Apr 2024 07:01:00 +0900",https://m.entertain.naver.com/article/469/0000795583,10
프랑켄슈타인,블루스퀘어,뮤지컬 ‘프랑켄슈타인’ 10주년 기념공연.. 6월 5일 블루스퀘어 개막,"Sun, 31 Mar 2024 07:48:00 +0900",https://m.entertain.naver.com/article/438/0000063882,10
프랑켄슈타인,블루스퀘어,"뮤지컬 '프랑켄슈타인', 10주년 기념 공연 티저 영상 공개","Sat, 30 Mar 2024 09:52:00 +0900",http://www.withinnews.co.kr/news/view.html?section=9&category=126&item=&no=32983,10
프랑켄슈타인,블루스퀘어,"뮤지컬 '프랑켄슈타인', 10주년 기념 공연 티저 영상 공개","Fri, 29 Mar 2024 09:46:00 +0900",http://www.newstnt.com/news/articleView.html?idxno=357987,10
프랑켄슈타인,블루스퀘어,"뮤지컬 '프랑켄슈타인', 10주년 기념 공연 티저 영상 공개!","Thu, 28 Mar 2024 21:02:00 +0900",https://www.gukjenews.com/news/articleView.html?idxno=2956032,10
프랑켄슈타인,블루스퀘어,"뮤지컬 '프랑켄슈타인', 10주년 기념 공연 티저 영상 공개···본 공연 기대...","Thu, 28 Mar 2024 20:20:00 +0900",https://www.ngonews.kr/news/articleView.html?idxno=149075,10
프랑켄슈타인,블루스퀘어,"뮤지컬 ‘프랑켄슈타인’, 10주년 기념 공연 티저 영상 공개…압도적 분위기 ...","Thu, 28 Mar 2024 17:16:00 +0900",http://www.globalepic.co.kr/view.php?ud=202403281429205482d3244b4fed_29,10
프랑켄슈타인,블루스퀘어,"뮤지컬 ‘프랑켄슈타인’, 10주년 기념 공연 티저 영상 공개... 서늘한 실험실...","Thu, 28 Mar 2024 15:26:00 +0900",https://idsn.co.kr/news/view/1065590212970677,10
프랑켄슈타인,블루스퀘어,"뮤지컬 '프랑켄슈타인', 10주년 기념 공연 티저 영상...서늘한 실험실+휘몰아...","Thu, 28 Mar 2024 13:10:00 +0900",http://www.newsworker.co.kr/news/articleView.html?idxno=325332,10
프랑켄슈타인,블루스퀘어,뮤지컬 '프랑켄슈타인' 10주년 기념 공연 티저 영상 공개...6월 5일~8월 25일,"Thu, 28 Mar 2024 12:36:00 +0900",https://www.slist.kr/news/articleView.html?idxno=536937,10
프랑켄슈타인,블루스퀘어,"뮤지컬 ‘프랑켄슈타인’ 10주년 공연, 6월 5일 블루스퀘어 개막","Thu, 28 Mar 2024 12:22:00 +0900",https://www.sportsw.kr/news/newsview.php?ncode=1065578789803657,10
프랑켄슈타인,블루스퀘어,뮤지컬 〈프랑켄슈타인〉 10주년 기념 공연 티저 영상 공개,"Thu, 28 Mar 2024 11:35:00 +0900",https://www.themusical.co.kr/News/Detail?num=13989,10
프랑켄슈타인,블루스퀘어,'프랑켄슈타인' 10주년 기념 공연…압도적 분위기 티저 공개,"Thu, 28 Mar 2024 11:30:00 +0900",https://m.entertain.naver.com/article/408/0000218989,10
프랑켄슈타인,블루스퀘어,뮤지컬 '프랑켄슈타인' 10주년 기념 공연 티저 영상 공개,"Thu, 28 Mar 2024 11:18:00 +0900",http://www.m-i.kr/news/articleView.html?idxno=1106068,10
프랑켄슈타인,블루스퀘어,"뮤지컬 '프랑켄슈타인', 10주년 기념 공연 티저 영상 공개…본 공연 기대감 높...","Thu, 28 Mar 2024 11:10:00 +0900",https://www.kfenews.co.kr/news/articleView.html?idxno=620377,10
프랑켄슈타인,블루스퀘어,"뮤지컬 음악감독 겸 작곡가 이성준, 올해 작품 라인업 공개…프랑켄슈타인·비...","Wed, 10 Jan 2024 16:24:00 +0900",https://www.sportsw.kr/news/newsview.php?ncode=1065597017748730,10
프랑켄슈타인,블루스퀘어,"EMK 2024년 화려한 라인업.. &quot;레베카, 마리 앙투아네트, 프랑켄슈타인.... 그...","Sat, 06 Jan 2024 07:31:00 +0900",https://m.entertain.naver.com/article/438/0000061627,10
프랑켄슈타인,블루스퀘어,"'프랑켄슈타인 →베르사유의 장미' …EMK, 2024년 라인업 공개","Wed, 03 Jan 2024 16:30:00 +0900",http://www.m-i.kr/news/articleView.html?idxno=1081286,10
프랑켄슈타인,블루스퀘어,EMK 뮤지컬 2024년 라인업 공개… '프랑켄슈타인'부터 '베르사유의 장미'까지,"Wed, 03 Jan 2024 10:58:00 +0900",https://www.mhns.co.kr/news/articleView.html?idxno=570494,10
프랑켄슈타인,블루스퀘어,초연 '벤자민 버튼'·10주년 '프랑켄슈타인'…EMK 올해 라인업은,"Wed, 03 Jan 2024 10:53:00 +0900",https://n.news.naver.com/mnews/article/001/0014422889?sid=103,10
프랑켄슈타인,블루스퀘어,"EMK뮤지컬, 2024 공연 라인업 발표…'프랑켄슈타인', '베르사유의 장미' 등 포...","Wed, 03 Jan 2024 10:22:00 +0900",https://www.sportsw.kr/news/newsview.php?ncode=1065574425389118,10
프랑켄슈타인,블루스퀘어,"규현, 코로나19 확진…'프랑켄슈타인' 측 &quot;막공까지 정상 진행&quot; [종합]","Fri, 18 Feb 2022 15:09:00 +0900",https://m.entertain.naver.com/article/311/0001411582,10
프랑켄슈타인,블루스퀘어,"'프랑켄슈타인', 규현 확진에도 정상 공연","Fri, 18 Feb 2022 14:48:00 +0900",http://www.tvdaily.co.kr/read.php3?aid=16451603881626045002,10
프랑켄슈타인,블루스퀘어,"뮤지컬 '프랑켄슈타인', 18~20일 정상공연…규현만 빠진다","Fri, 18 Feb 2022 14:36:00 +0900",http://www.joynews24.com/view/1452964,10
프랑켄슈타인,블루스퀘어,"규현, 코로나19 확진…'프랑켄슈타인' 막공 못 오를듯 [공식입장]","Fri, 18 Feb 2022 11:54:00 +0900",https://m.entertain.naver.com/article/311/0001411495,10
프랑켄슈타인,블루스퀘어,'프랑켄슈타인' 김지우 &quot;박은태 오빠 감사해요&quot;,"Fri, 18 Feb 2022 10:10:00 +0900",http://www.newsculture.press/news/articleView.html?idxno=505006,10
프랑켄슈타인,블루스퀘어,"규현, 코로나19 확진 의심…오늘(17일) '프랑켄슈타인' 불참 [공식입장]","Thu, 17 Feb 2022 17:15:00 +0900",https://m.entertain.naver.com/article/311/0001411235,10
프랑켄슈타인,블루스퀘어,"뮤지컬 ‘프랑켄슈타인’, 15일부터 공연 재개 ... 2월 20일까지 공연","Tue, 15 Feb 2022 22:30:00 +0900",https://www.sportsw.kr/news/newsview.php?ncode=1065603068484133,10
프랑켄슈타인,블루스퀘어,"뮤지컬 ‘프랑켄슈타인’, 15일부터 관객들에게 다시 선사할 최고의 무대","Tue, 15 Feb 2022 16:00:00 +0900",https://m.entertain.naver.com/article/215/0001014799,10
프랑켄슈타인,블루스퀘어,"'프랑켄슈타인'·'엑스칼리버', 오늘(15일) 공연 재개..불안감은 여전 [종합]","Tue, 15 Feb 2022 15:27:00 +0900",https://m.entertain.naver.com/article/108/0003028643,10
프랑켄슈타인,블루스퀘어,"코로나19로 중단됐던 '프랑켄슈타인', 오늘(15일) 공연 재개 [공식]","Tue, 15 Feb 2022 13:52:00 +0900",http://stoo.com/article.php?aid=77706555000,10
프랑켄슈타인,블루스퀘어,"뮤지컬 1위 '프랑켄슈타인', 15일(오늘) 코로나 딛고 공연 재개 [공식]","Tue, 15 Feb 2022 12:33:00 +0900",https://m.entertain.naver.com/article/109/0004557717,10
프랑켄슈타인,블루스퀘어,"뮤지컬 '프랑켄슈타인'-'엑스칼리버', 오늘(15일) 공연 재개","Tue, 15 Feb 2022 10:54:00 +0900",http://www.stardailynews.co.kr/news/articleView.html?idxno=316032,10
프랑켄슈타인,블루스퀘어,'프랑켄슈타인' 오늘(15일) 공연 재개…다시 돌아온 최고의 감동,"Tue, 15 Feb 2022 10:34:00 +0900",http://www.slist.kr/news/articleView.html?idxno=332144,10
프랑켄슈타인,블루스퀘어,"코로나로 중단됐던 '프랑켄슈타인', 오늘(15일) 공연 재개","Tue, 15 Feb 2022 10:30:00 +0900",http://www.tvdaily.co.kr/read.php3?aid=16448883991625514002,10
프랑켄슈타인,블루스퀘어,"코로나로 멈췄던 뮤지컬 '프랑켄슈타인', 오늘(15일) 공연 재개","Tue, 15 Feb 2022 10:16:00 +0900",https://m.entertain.naver.com/article/108/0003028499,10
프랑켄슈타인,블루스퀘어,"뮤지컬 '프랑켄슈타인', 오늘(15일)부터 공연 재개!","Tue, 15 Feb 2022 09:34:00 +0900",http://www.gukjenews.com/news/articleView.html?idxno=2408423,10
프랑켄슈타인,블루스퀘어,코로나 여파로 멈춘 뮤지컬 '프랑켄슈타인'·'엑스칼리버' 공연 재개,"Tue, 15 Feb 2022 09:30:00 +0900",https://www.newdaily.co.kr/site/data/html/2022/02/15/2022021500020.html,10
프랑켄슈타인,블루스퀘어,뮤지컬 '프랑켄슈타인'·'엑스칼리버' 15일 공연재개,"Mon, 14 Feb 2022 16:48:00 +0900",http://www.newsculture.press/news/articleView.html?idxno=504689,10
프랑켄슈타인,블루스퀘어,뮤지컬 '프랑켄슈타인' 13일까지 취소 &quot;확진자 추가 발생&quot;,"Wed, 09 Feb 2022 18:01:00 +0900",https://n.news.naver.com/mnews/article/018/0005142854?sid=103,10
프랑켄슈타인,블루스퀘어,[커튼콜] 위대한 ‘프랑켄슈타인’의 역사는 계속된다,"Thu, 03 Feb 2022 16:36:00 +0900",https://m.entertain.naver.com/article/009/0004916986,10
프랑켄슈타인,블루스퀘어,"뮤지컬 '프랑켄슈타인' 이봄소리, 31일(월) 네이버 나우 '커튼콜' 출연","Mon, 31 Jan 2022 15:02:00 +0900",http://www.mhns.co.kr/news/articleView.html?idxno=520885,10
프랑켄슈타인,블루스퀘어,"‘프랑켄슈타인’ 이봄소리, 31일 ‘커튼콜’ 출연…설맞이 특별한 토크 예고","Fri, 28 Jan 2022 15:50:00 +0900",https://m.entertain.naver.com/article/215/0001012074,10
프랑켄슈타인,블루스퀘어,"뮤지컬 '프랑켄슈타인' 이봄소리, 31일 네이버 나우 ‘커튼콜’ 출연","Fri, 28 Jan 2022 12:56:00 +0900",https://www.sportsw.kr/news/newsview.php?ncode=1065584221951117,10
프랑켄슈타인,블루스퀘어,"뮤지컬 '프랑켄슈타인' 이봄소리, 네이버 나우 '커튼콜' 출연","Fri, 28 Jan 2022 09:28:00 +0900",http://www.stardailynews.co.kr/news/articleView.html?idxno=315375,10
프랑켄슈타인,블루스퀘어,"[리뷰] '프랑켄슈타인' 누가 인간이고, 누가 괴물인가","Tue, 18 Jan 2022 05:50:00 +0900",https://www.onews.tv/news/articleView.html?idxno=108474,10
프랑켄슈타인,블루스퀘어,"‘프랑켄슈타인’ 박은태, 네이버 나우 ‘커튼콜’ 출격","Mon, 17 Jan 2022 17:36:00 +0900",http://www.tvdaily.co.kr/read.php3?aid=16424081831622500002,10
프랑켄슈타인,블루스퀘어,"뮤지컬 ‘프랑켄슈타인’ 박은태, 네이버 나우 ‘커튼콜’ 출연… 다채로운 토...","Mon, 17 Jan 2022 16:10:00 +0900",https://m.entertain.naver.com/article/215/0001009720,10
프랑켄슈타인,블루스퀘어,"뮤지컬 '프랑켄슈타인' 박은태, 오늘(17일) 오후 6시 네이버 나우 '커튼콜' 출...","Mon, 17 Jan 2022 14:16:00 +0900",http://www.mhns.co.kr/news/articleView.html?idxno=520142,10
프랑켄슈타인,블루스퀘어,"'프랑켄슈타인' 박은태, 네이버 나우 '커튼콜' 출연","Mon, 17 Jan 2022 11:58:00 +0900",https://m.entertain.naver.com/article/311/0001399061,10
프랑켄슈타인,블루스퀘어,"'프랑켄슈타인' 박은태, 네이버 나우 '커튼콜' 출격","Mon, 17 Jan 2022 10:17:00 +0900",https://n.news.naver.com/mnews/article/003/0010948054?sid=103,10
프랑켄슈타인,블루스퀘어,"뮤지컬 '프랑켄슈타인' 박은태, 네이버 나우 '커튼콜' 출연","Mon, 17 Jan 2022 09:30:00 +0900",http://www.stardailynews.co.kr/news/articleView.html?idxno=314814,10
프랑켄슈타인,블루스퀘어,"'커튼콜' 출격 박은태, 뮤지컬 '프랑켄슈타인' 매력 전한다","Mon, 17 Jan 2022 08:56:00 +0900",https://www.newdaily.co.kr/site/data/html/2022/01/17/2022011700014.html,10
프랑켄슈타인,블루스퀘어,"박은태, 네이버 나우 '커튼콜' 출격..'프랑켄슈타인' 매력 대공개","Mon, 17 Jan 2022 08:38:00 +0900",https://m.entertain.naver.com/article/112/0003521672,10
프랑켄슈타인,블루스퀘어,"'프랑켄슈타인', 추가 확진자 없다…공연 재개[공식]","Fri, 14 Jan 2022 23:16:00 +0900",https://m.entertain.naver.com/article/009/0004909255,10
프랑켄슈타인,블루스퀘어,‘프랑켄슈타인’ 스태프 코로나19 확진→공연 재개 “전원 음성 확인”,"Fri, 14 Jan 2022 11:59:00 +0900",https://m.entertain.naver.com/article/609/0000533181,10
프랑켄슈타인,블루스퀘어,"스태프 확진된 뮤지컬 '프랑켄슈타인', 추가 감염자 없다…&quot;공연 정상 진행&quot; ...","Fri, 14 Jan 2022 10:43:00 +0900",https://m.entertain.naver.com/article/117/0003569579,10
프랑켄슈타인,블루스퀘어,"민우혁·카이·이봄소리 '프랑켄슈타인', 스태프 코로나 확진으로 당일 취소","Thu, 13 Jan 2022 19:27:00 +0900",https://m.entertain.naver.com/article/117/0003569429,10
프랑켄슈타인,블루스퀘어,"'프랑켄슈타인', 오늘(13일) 공연 취소 &quot;스태프 코로나19 확진&quot;","Thu, 13 Jan 2022 18:06:00 +0900",https://m.entertain.naver.com/article/108/0003020914,10
프랑켄슈타인,블루스퀘어,"뮤지컬 '프랑켄슈타인', 웹예능 '집사 더 룽게즈' 공연장 투어 공개","Thu, 13 Jan 2022 13:02:00 +0900",https://m.entertain.naver.com/article/112/0003520599,10
프랑켄슈타인,블루스퀘어,"뮤지컬 '프랑켄슈타인', 웹예능 '집사 더 룽게즈' 공연장 투어 편 공개","Thu, 13 Jan 2022 09:54:00 +0900",http://www.stardailynews.co.kr/news/articleView.html?idxno=314692,10
프랑켄슈타인,블루스퀘어,"뮤지컬 '프랑켄슈타인', 마지막 티켓오픈...최대 25% 할인","Thu, 13 Jan 2022 09:40:00 +0900",http://www.slist.kr/news/articleView.html?idxno=325380,10
프랑켄슈타인,블루스퀘어,'프랑켄슈타인' 공연장 투어 영상으로 관객친화력↑,"Thu, 13 Jan 2022 09:14:00 +0900",http://www.newsculture.press/news/articleView.html?idxno=502964,10
프랑켄슈타인,블루스퀘어,"[포토뉴스]신이 되려한 인간과 그를 동경한 괴물, 뮤지컬 '프랑켄슈타인'","Wed, 12 Jan 2022 09:02:00 +0900",http://www.newsculture.press/news/articleView.html?idxno=502886,10
프랑켄슈타인,블루스퀘어,"제6회 한국뮤지컬어워즈, 오늘 개최…'하데스타운' '프랑켄슈타인' 축하공연","Mon, 10 Jan 2022 09:36:00 +0900",http://www.newspim.com/news/view/20220110000087,10
프랑켄슈타인,블루스퀘어,"[D:히든캐스트(72)] 신지혜 “내 인생작 ‘프랑켄슈타인’, 의심할 여지없죠”","Sat, 08 Jan 2022 14:56:00 +0900",https://n.news.naver.com/mnews/article/119/0002565117?sid=103,10
프랑켄슈타인,블루스퀘어,반전의 1인2역 보는 맛 두배…뮤지컬 '프랑켄슈타인'[이 공연Pick],"Sat, 08 Jan 2022 07:00:00 +0900",https://n.news.naver.com/mnews/article/003/0010933424?sid=103,10
프랑켄슈타인,블루스퀘어,"‘프랑켄슈타인’ 민우혁·해나, 환상 라이브 선사 (최파타)","Fri, 07 Jan 2022 17:19:00 +0900",https://m.entertain.naver.com/article/144/0000785744,10
프랑켄슈타인,블루스퀘어,"'프랑켄슈타인' 민우혁x해나, 귀 찢었다..고품격 뮤지컬 라이브 ('최파타')(종...","Fri, 07 Jan 2022 17:15:00 +0900",https://m.entertain.naver.com/article/109/0004537653,10
프랑켄슈타인,블루스퀘어,"뮤지컬 '프랑켄슈타인' 민우혁X해나, '최파타' 출연","Fri, 07 Jan 2022 17:10:00 +0900",http://www.slist.kr/news/articleView.html?idxno=324215,10
프랑켄슈타인,블루스퀘어,"'프랑켄슈타인' 민우혁 &quot;'단 하나의 미래' 신, 내가 하는데도 감탄했다&quot;","Fri, 07 Jan 2022 13:42:00 +0900",http://www.tvdaily.co.kr/read.php3?aid=16415303441621122002,10
프랑켄슈타인,블루스퀘어,"'최파타' 민우혁 &quot;3년 만에 맡은 '프랑켄슈타인', 많이 달랐다&quot;","Fri, 07 Jan 2022 13:22:00 +0900",http://www.tvdaily.co.kr/read.php3?aid=16415290881621117002,10
프랑켄슈타인,블루스퀘어,"뮤지컬 ‘프랑켄슈타인’ 민우혁·해나, ‘최파타’서 라이브 예고","Thu, 06 Jan 2022 16:26:00 +0900",https://m.entertain.naver.com/article/396/0000601467,10
프랑켄슈타인,블루스퀘어,"뮤지컬 ‘프랑켄슈타인’ 민우혁X해나, 7일 '최화정의 파워타임’ 출연…무대...","Thu, 06 Jan 2022 15:00:00 +0900",https://m.entertain.naver.com/article/215/0001007807,10
프랑켄슈타인,블루스퀘어,"민우혁·해나, '최파타' 7일 출격…'프랑켄슈타인' 고품격 라이브","Thu, 06 Jan 2022 11:57:00 +0900",https://n.news.naver.com/mnews/article/003/0010930365?sid=103,10
프랑켄슈타인,블루스퀘어,"뮤지컬 '프랑켄슈타인' 민우혁·해나, '최화정의 파워타임' 출연 라이브 예고","Thu, 06 Jan 2022 09:30:00 +0900",http://www.stardailynews.co.kr/news/articleView.html?idxno=314405,10
프랑켄슈타인,블루스퀘어,"'최파타' 민우혁X해나, '프랑켄슈타인' 넘버 열창한다","Thu, 06 Jan 2022 09:12:00 +0900",http://www.newsculture.press/news/articleView.html?idxno=502451,10
프랑켄슈타인,블루스퀘어,뮤지컬 '프랑켄슈타인' 민우혁X해나…7일 '최파타' 출연 '꿀잼 케미' 예고,"Thu, 06 Jan 2022 08:57:00 +0900",https://m.entertain.naver.com/article/076/0003819476,10
프랑켄슈타인,블루스퀘어,"'프랑켄슈타인' 민우혁X해나, 최파타 출연…역대급 숨멎 라이브 예고","Thu, 06 Jan 2022 08:56:00 +0900",http://www.slist.kr/news/articleView.html?idxno=323823,10
프랑켄슈타인,블루스퀘어,[On Stage] 명불허전 ‘프랑켄슈타인’... 괴물 뮤지컬의 귀환,"Thu, 06 Jan 2022 06:51:00 +0900",https://n.news.naver.com/mnews/article/277/0005026421?sid=103,10
프랑켄슈타인,블루스퀘어,[박보라의 Play the Stage]16. 뮤지컬 '프랑켄슈타인',"Tue, 04 Jan 2022 11:02:00 +0900",http://www.newsculture.press/news/articleView.html?idxno=502214,10
프랑켄슈타인,블루스퀘어,[D:헬로스테이지] 소문난 완성도 ‘프랑켄슈타인’의 성장은 계속된다,"Sat, 01 Jan 2022 09:18:00 +0900",https://n.news.naver.com/mnews/article/119/0002562960?sid=103,10
프랑켄슈타인,블루스퀘어,"뮤지컬 '프랑켄슈타인', 총 14명의 전 배우들 새해인사 영상 공개","Fri, 31 Dec 2021 16:24:00 +0900",http://www.socialvalue.kr/news/articleView.html?idxno=607778,10
프랑켄슈타인,블루스퀘어,뮤지컬 '프랑켄슈타인' 새해인사 영상 1월 1일 자정 공개!,"Fri, 31 Dec 2021 15:32:00 +0900",http://www.mhns.co.kr/news/articleView.html?idxno=519123,10
프랑켄슈타인,블루스퀘어,뮤지컬 '프랑켄슈타인' 배우들의 새해 인사,"Fri, 31 Dec 2021 14:18:00 +0900",https://www.onews.tv/news/articleView.html?idxno=105759,10
프랑켄슈타인,블루스퀘어,"'프랑켄슈타인' 전동석→규현, 2022년 새해인사 예고","Fri, 31 Dec 2021 09:06:00 +0900",http://www.slist.kr/news/articleView.html?idxno=322635,10
프랑켄슈타인,블루스퀘어,"'프랑켄슈타인' 민우혁·규현·박은태, 새해 인사…&quot;관객들께 감사&quot;","Fri, 31 Dec 2021 09:05:00 +0900",https://n.news.naver.com/mnews/article/003/0010919285?sid=103,10
프랑켄슈타인,블루스퀘어,"뮤지컬 '프랑켄슈타인' 민우혁·규현·카이·정택운 등, 훈훈 새해인사","Fri, 31 Dec 2021 08:39:00 +0900",https://m.entertain.naver.com/article/112/0003515684,10
프랑켄슈타인,블루스퀘어,&quot;새해 복 많이 받으세요&quot;뮤지컬 '프랑켄슈타인' 신년 인사 예고,"Fri, 31 Dec 2021 08:38:00 +0900",http://www.newsculture.press/news/articleView.html?idxno=501974,10
프랑켄슈타인,블루스퀘어,"뮤지컬 ‘프랑켄슈타인’, 이유있는 평점 9.8","Wed, 29 Dec 2021 11:14:00 +0900",https://m.entertain.naver.com/article/396/0000600740,10
프랑켄슈타인,블루스퀘어,규현·전동석·민우혁의 환상 1인2역..뮤지컬 '프랑켄슈타인' 관객 평점 9.8인...,"Wed, 29 Dec 2021 10:22:00 +0900",https://m.entertain.naver.com/article/109/0004532902,10
프랑켄슈타인,블루스퀘어,스토리·음악·캐릭터 삼박자 고루 갖춘 뮤지컬 '프랑켄슈타인',"Wed, 29 Dec 2021 08:56:00 +0900",http://www.newsculture.press/news/articleView.html?idxno=501842,10
프랑켄슈타인,블루스퀘어,[리뷰] ①기대 모은 뮤지컬 프랑켄슈타인···웰메이드 속 아쉬운 '옥의 티',"Sat, 18 Dec 2021 16:02:00 +0900",https://www.facten.co.kr/news/articleView.html?idxno=208894,10
프랑켄슈타인,블루스퀘어,"[리뷰] 신에게 도전한 인간, 뮤지컬 '프랑켄슈타인'","Sat, 18 Dec 2021 08:02:00 +0900",https://www.kgnews.co.kr/news/article.html?no=681125,10
프랑켄슈타인,블루스퀘어,'프랑켄슈타인' 민우혁X김지우 &quot;음악의 힘 큰 작품...매일 행복 느껴&quot; (뉴스N...,"Fri, 17 Dec 2021 16:02:00 +0900",http://www.slist.kr/news/articleView.html?idxno=319420,10
프랑켄슈타인,블루스퀘어,"‘프랑켄슈타인’ 정택운X이봄소리, 17일 '박소현의 러브게임’서 다채로운 토...","Fri, 17 Dec 2021 15:30:00 +0900",https://m.entertain.naver.com/article/215/0001004276,10
프랑켄슈타인,블루스퀘어,"뮤지컬 '프랑켄슈타인' 주인공 정택운·이봄소리, 17일 '박소현의 러브게임' ...","Fri, 17 Dec 2021 11:02:00 +0900",http://www.newscj.com/news/articleView.html?idxno=932390,10
프랑켄슈타인,블루스퀘어,"'프랑켄슈타인' 정택운X이봄소리, 오늘(17일) '러브게임' 출격","Fri, 17 Dec 2021 09:34:00 +0900",http://www.slist.kr/news/articleView.html?idxno=319313,10
프랑켄슈타인,블루스퀘어,"뮤지컬 '프랑켄슈타인', 로비 포토존은 또 다른 감동의 무대!","Thu, 16 Dec 2021 22:48:00 +0900",http://www.psnews.co.kr/news/articleView.html?idxno=2003592,10
프랑켄슈타인,블루스퀘어,"뮤지컬 ‘프랑켄슈타인’ 민우혁X김지우, 17일 YTN ‘뉴스N이슈’ 5min 초대석...","Thu, 16 Dec 2021 16:40:00 +0900",https://m.entertain.naver.com/article/215/0001004043,10
프랑켄슈타인,블루스퀘어,민우혁·규현·카이 프랑켄슈타인 '포토존'도 인기,"Thu, 16 Dec 2021 11:02:00 +0900",https://n.news.naver.com/mnews/article/003/0010892591?sid=103,10
프랑켄슈타인,블루스퀘어,또 하나의 작은 무대…뮤지컬 '프랑켄슈타인' 포토존 '눈길',"Thu, 16 Dec 2021 10:48:00 +0900",https://n.news.naver.com/mnews/article/079/0003586742?sid=103,10
프랑켄슈타인,블루스퀘어,"‘프랑켄슈타인’, 공연장 로비에서 느끼는 무대 위의 감동","Thu, 16 Dec 2021 09:49:00 +0900",https://n.news.naver.com/mnews/article/119/0002557865?sid=103,10
프랑켄슈타인,블루스퀘어,"'프랑켄슈타인' 민우혁X김지우, 17일 '뉴스N이슈' 출연","Thu, 16 Dec 2021 09:30:00 +0900",http://www.slist.kr/news/articleView.html?idxno=319041,10
프랑켄슈타인,블루스퀘어,"'프랑켄슈타인' 민우혁x김지우, 뉴스 출격 [공식]","Thu, 16 Dec 2021 09:20:00 +0900",https://m.entertain.naver.com/article/109/0004527287,10
프랑켄슈타인,블루스퀘어,&quot;관객들 마음에 쏙&quot;..뮤지컬 '프랑켄슈타인' 포토존 눈길가네~,"Thu, 16 Dec 2021 09:16:00 +0900",https://n.news.naver.com/mnews/article/018/0005107668?sid=103,10
프랑켄슈타인,블루스퀘어,"뮤지컬 '프랑켄슈타인' 포토존, 왜 이렇게 웅장한가 봤더니","Wed, 15 Dec 2021 19:32:00 +0900",https://m.entertain.naver.com/article/117/0003562727,10
프랑켄슈타인,블루스퀘어,전동석→정택운 뮤지컬 '프랑켄슈타인' 무대 같은 포토존..&quot;관객들 행복하길&quot;,"Wed, 15 Dec 2021 18:51:00 +0900",https://m.entertain.naver.com/article/109/0004527029,10
프랑켄슈타인,블루스퀘어,"뮤지컬 '프랑켄슈타인', 로비 가득 수놓은 웅장한 포토존","Wed, 15 Dec 2021 17:16:00 +0900",http://www.mhns.co.kr/news/articleView.html?idxno=518049,10
프랑켄슈타인,블루스퀘어,"뮤지컬 '프랑켄슈타인', 포토존까지 웅장..무대 위 감동 그대로 재현","Wed, 15 Dec 2021 16:42:00 +0900",https://m.entertain.naver.com/article/112/0003510105,10
프랑켄슈타인,블루스퀘어,"뮤지컬 ‘프랑켄슈타인’, 로비 가득 수놓은 웅장한 포토존에 감탄","Wed, 15 Dec 2021 16:37:00 +0900",https://m.entertain.naver.com/article/144/0000781155,10
프랑켄슈타인,블루스퀘어,"'프랑켄슈타인', 무대 뺨치는 포토존 눈길...서숙진 디자이너 의도는","Wed, 15 Dec 2021 15:40:00 +0900",http://www.slist.kr/news/articleView.html?idxno=318897,10
프랑켄슈타인,블루스퀘어,"뮤지컬 '프랑켄슈타인', 무대를 그대로 옮겨 놓은 포토존!","Wed, 15 Dec 2021 15:30:00 +0900",http://www.onews.tv/news/articleView.html?idxno=103241,10
프랑켄슈타인,블루스퀘어,뮤지컬 ‘프랑켄슈타인’ 공연 전부터 분위기 압도…뮤지컬 팬사랑이란 이런 ...,"Wed, 15 Dec 2021 12:26:00 +0900",https://m.entertain.naver.com/article/396/0000599690,10
프랑켄슈타인,블루스퀘어,무대 위 디테일 구현한 뮤지컬 '프랑켄슈타인' 포토존,"Wed, 15 Dec 2021 08:40:00 +0900",http://www.newsculture.press/news/articleView.html?idxno=501183,10
프랑켄슈타인,블루스퀘어,"[뮤지컬평점] 우정, 배신, 그리고 미친 사랑의 노래...뮤지컬 '프랑켄슈타인'","Thu, 09 Dec 2021 11:04:00 +0900",http://www.sisunnews.co.kr/news/articleView.html?idxno=153267,10
프랑켄슈타인,블루스퀘어,"[리뷰] '프랑켄슈타인' 물오른 규현·믿고 보는 카이, 이 조합 추천!","Wed, 08 Dec 2021 16:02:00 +0900",http://www.slist.kr/news/articleView.html?idxno=317176,10
프랑켄슈타인,블루스퀘어,"'프랑켄슈타인' 정택운·해나, 입담도 노래도 최고…라디오서 환상호흡","Wed, 08 Dec 2021 10:15:00 +0900",https://m.entertain.naver.com/article/117/0003560855,10
프랑켄슈타인,블루스퀘어,"뮤지컬 '프랑켄슈타인' 정택운X해나, '정은지의 가요광장' 성공적 나들이","Tue, 07 Dec 2021 17:16:00 +0900",http://www.topdaily.kr/news/articleView.html?idxno=127480,10
프랑켄슈타인,블루스퀘어,"'프랑켄슈타인' 정택운X해나, 공연 비하인드→귀호강 라이브 (가요광장)","Tue, 07 Dec 2021 17:00:00 +0900",http://www.slist.kr/news/articleView.html?idxno=316910,10
프랑켄슈타인,블루스퀘어,"'가요광장' 정택운-해나, 높은 텐션으로 선보인 '프랑켄슈타인' 환상 호흡..제...","Tue, 07 Dec 2021 16:48:00 +0900",https://m.entertain.naver.com/article/112/0003507070,10
프랑켄슈타인,블루스퀘어,"뮤지컬 ‘프랑켄슈타인’ 정택운·해나, ‘정은지의 가요광장’ 나들이","Tue, 07 Dec 2021 16:32:00 +0900",https://m.entertain.naver.com/article/144/0000779413,10
프랑켄슈타인,블루스퀘어,"뮤지컬 '프랑켄슈타인' 뉴페이스 정택운·해나, 내일(7일) '정은지의 가요광장...","Mon, 06 Dec 2021 19:02:00 +0900",http://www.mhns.co.kr/news/articleView.html?idxno=517337,10
프랑켄슈타인,블루스퀘어,"뮤지컬 ‘프랑켄슈타인’ 정택운X해나, 7일 '가요광장' 출연…환상 궁합 입담...","Mon, 06 Dec 2021 16:50:00 +0900",https://m.entertain.naver.com/article/215/0001001697,10
프랑켄슈타인,블루스퀘어,"[공연리뷰] 뮤지컬 프랑켄슈타인, &quot;감동의 벽이 없는 소멸하지 않을 바이러스...","Mon, 06 Dec 2021 14:04:00 +0900",http://www.psnews.co.kr/news/articleView.html?idxno=2003184,10
프랑켄슈타인,블루스퀘어,"빅스 레오(정택운), 뮤지컬 '프랑켄슈타인' 해나와 '가요광장' 게스트 출격 [...","Mon, 06 Dec 2021 11:10:00 +0900",https://m.entertain.naver.com/article/109/0004522332,10
프랑켄슈타인,블루스퀘어,"뮤지컬 ‘프랑켄슈타인’ 정택운·해나, ‘가요광장’ 출연 환상 궁합 입담","Mon, 06 Dec 2021 09:55:00 +0900",https://m.entertain.naver.com/article/144/0000779046,10
프랑켄슈타인,블루스퀘어,"'프랑켄슈타인' 정택운·해나, '가요광장' 출격...귀호강 라이브 예고","Mon, 06 Dec 2021 09:36:00 +0900",http://www.slist.kr/news/articleView.html?idxno=316480,10
프랑켄슈타인,블루스퀘어,"[객석에서] 뮤지컬 ‘프랑켄슈타인’, 3박자 딱 맞아 역대 공연 중 가장 볼만","Sun, 05 Dec 2021 11:14:00 +0900",http://theviewers.co.kr/View.aspx?No=2136903,10
프랑켄슈타인,블루스퀘어,"뮤지컬 '프랑켄슈타인' 규현X정택운, 완벽 라이브 클립 영상 공개","Thu, 02 Dec 2021 15:48:00 +0900",http://www.topdaily.kr/news/articleView.html?idxno=126958,10
프랑켄슈타인,블루스퀘어,빅스 레오 아닌 '뮤보배' 정택운..'프랑켄슈타인'으로 포텐 터졌다(종합)[Oh!...,"Thu, 02 Dec 2021 15:15:00 +0900",https://m.entertain.naver.com/article/109/0004520509,10
프랑켄슈타인,블루스퀘어,"뮤지컬 '프랑켄슈타인' 규현, 정택운 라이브 클립 공개!","Thu, 02 Dec 2021 14:52:00 +0900",http://www.mhns.co.kr/news/articleView.html?idxno=517091,10
프랑켄슈타인,블루스퀘어,신이 되려 했던 남자의 비극…뮤지컬 '프랑켄슈타인',"Thu, 02 Dec 2021 13:14:00 +0900",https://n.news.naver.com/mnews/article/001/0012834913?sid=004,10
프랑켄슈타인,블루스퀘어,"뮤지컬 '프랑켄슈타인' 규현, 정택운 라이브 클립 공개","Thu, 02 Dec 2021 10:26:00 +0900",https://www.sportsw.kr/news/newsview.php?ncode=1065574508372523,10
프랑켄슈타인,블루스퀘어,"'프랑켄슈타인' 규현X정택운, 목소리=서사 클립 인기↑","Thu, 02 Dec 2021 08:46:00 +0900",http://www.slist.kr/news/articleView.html?idxno=315456,10
프랑켄슈타인,블루스퀘어,"규현x정택운, 슈주x빅스 꼬리표 떼고 '프랑켄슈타인' 믿보배로","Thu, 02 Dec 2021 08:42:00 +0900",https://m.entertain.naver.com/article/109/0004520312,10
프랑켄슈타인,블루스퀘어,"규현X정택운, 뮤지컬 '프랑켄슈타인' 라이브 클립 공개..열창에 조회수 폭발","Thu, 02 Dec 2021 08:37:00 +0900",https://m.entertain.naver.com/article/112/0003505052,10
프랑켄슈타인,블루스퀘어,뮤지컬배우 박은태 &quot;'프랑켄슈타인'은 나를 성장시켜준 작품&quot;,"Thu, 02 Dec 2021 04:01:00 +0900",https://n.news.naver.com/mnews/article/018/0005098249?sid=103,10
프랑켄슈타인,블루스퀘어,"뮤지컬 ‘프랑켄슈타인’ 박은태, 시선 사로잡는 감각적 화보 공개","Wed, 01 Dec 2021 13:32:00 +0900",http://theviewers.co.kr/View.aspx?No=2133232,10
프랑켄슈타인,블루스퀘어,뮤지컬 ‘프랑켄슈타인’ 박은태 “나를 성장시켜주는 작품”,"Wed, 01 Dec 2021 11:24:00 +0900",https://m.entertain.naver.com/article/396/0000598491,10
프랑켄슈타인,블루스퀘어,"뮤지컬배우 카이, 카리스마로 무대 장악하며 ‘프랑켄슈타인’ 첫 공연 성료","Wed, 01 Dec 2021 10:20:00 +0900",https://m.entertain.naver.com/article/144/0000778058,10
프랑켄슈타인,블루스퀘어,"박은태 &quot;'프랑켄슈타인', 날 성장시켜준다...괴물보다 앙리에 연민&quot; (화보)","Wed, 01 Dec 2021 09:08:00 +0900",http://www.slist.kr/news/articleView.html?idxno=315120,10
프랑켄슈타인,블루스퀘어,뮤지컬 '프랑켄슈타인' 첫 공연서 기립박수 받은 카이,"Mon, 29 Nov 2021 14:34:00 +0900",http://www.newsculture.press/news/articleView.html?idxno=500583,10
프랑켄슈타인,블루스퀘어,"뮤지컬배우 카이, ‘프랑켄슈타인’ 첫 공연 성료…카리스마 터졌다","Mon, 29 Nov 2021 12:57:00 +0900",https://m.entertain.naver.com/article/396/0000598293,10
프랑켄슈타인,블루스퀘어,"카이, 완벽 1인2역+카리스마 '프랑켄슈타인' 무대 장악","Mon, 29 Nov 2021 12:54:00 +0900",http://www.slist.kr/news/articleView.html?idxno=314652,10
프랑켄슈타인,블루스퀘어,"민우혁, &quot;'프랑켄슈타인' 운명과도 같은 작품&quot; 개막 소감","Sun, 28 Nov 2021 13:02:00 +0900",http://www.newsculture.press/news/articleView.html?idxno=500560,10
프랑켄슈타인,블루스퀘어,"빅스 레오, 뮤지컬 ‘프랑켄슈타인’ 첫 무대 성료","Fri, 26 Nov 2021 23:17:00 +0900",https://m.entertain.naver.com/article/144/0000777246,10
프랑켄슈타인,블루스퀘어,"빅스 레오, 뮤지컬 ‘프랑켄슈타인’ 첫 공연 성료…1인2 역 완벽 소화","Fri, 26 Nov 2021 19:40:00 +0900",https://m.entertain.naver.com/article/215/0000999684,10
프랑켄슈타인,블루스퀘어,"민우혁, '프랑켄슈타인' 빅터로 완벽한 귀환","Fri, 26 Nov 2021 18:34:00 +0900",http://www.tvdaily.co.kr/read.php3?aid=16379189451614290002,10
프랑켄슈타인,블루스퀘어,"[앳뉴스] 빅스 레오, 뮤지컬 ‘프랑켄슈타인’ 1인 2역 완벽 소화…‘믿보’ ...","Fri, 26 Nov 2021 17:22:00 +0900",https://m.entertain.naver.com/article/415/0000006238,10
프랑켄슈타인,블루스퀘어,"규현, 뮤지컬 '프랑켄슈타인' 첫공…주연 빅터 활약 예정","Fri, 26 Nov 2021 16:10:00 +0900",http://www.rpm9.com/news/article.html?id=20211126090020,10
프랑켄슈타인,블루스퀘어,"빅스 레오, 뮤지컬 '프랑켄슈타인' 첫공 성료..1인 2역 열연","Fri, 26 Nov 2021 15:08:00 +0900",https://m.entertain.naver.com/article/109/0004517526,10
프랑켄슈타인,블루스퀘어,"빅스 레오, 뮤지컬 '프랑켄슈타인' 1인2역 완벽 소화","Fri, 26 Nov 2021 15:04:00 +0900",http://www.topdaily.kr/news/articleView.html?idxno=126096,10
프랑켄슈타인,블루스퀘어,"재미핑거, 뮤지컬 프랑켄슈타인과 콜라보 굿즈 출시","Fri, 26 Nov 2021 14:36:00 +0900",http://www.cstimes.com/news/articleView.html?idxno=481927,10
프랑켄슈타인,블루스퀘어,"규현, 뮤지컬 '프랑켄슈타인'으로 보여줄 12년 내공","Fri, 26 Nov 2021 13:58:00 +0900",https://m.entertain.naver.com/article/117/0003558410,10
프랑켄슈타인,블루스퀘어,"민우혁, 대체불가 '빅터'로 돌아오다…'프랑켄슈타인' 첫공서 쏟아진 찬사","Fri, 26 Nov 2021 13:34:00 +0900",http://www.slist.kr/news/articleView.html?idxno=314070,10
프랑켄슈타인,블루스퀘어,"규현, 오늘(26일) 뮤지컬 '프랑켄슈타인' 첫 공연","Fri, 26 Nov 2021 11:46:00 +0900",http://www.mhns.co.kr/news/articleView.html?idxno=516600,10
프랑켄슈타인,블루스퀘어,"규현, 뮤지컬 ‘프랑켄슈타인’ 오늘(26일) 첫 공연…빅터와 싱크로율 얼마나...","Fri, 26 Nov 2021 10:54:00 +0900",http://theviewers.co.kr/View.aspx?No=2127593,10
프랑켄슈타인,블루스퀘어,"규현, 오늘(26일) 뮤지컬 '프랑켄슈타인' 첫 공연...주인공 빅터로 열연","Fri, 26 Nov 2021 09:24:00 +0900",http://woman.chosun.com/news/articleView.html?idxno=91882,10
프랑켄슈타인,블루스퀘어,"규현, 26일 ‘프랑켄슈타인’ 첫 공연","Fri, 26 Nov 2021 09:08:00 +0900",https://m.entertain.naver.com/article/144/0000777080,10
프랑켄슈타인,블루스퀘어,"규현, 뮤지컬 '프랑켄슈타인' 첫 공연...주인공 빅터로 열연 예고","Fri, 26 Nov 2021 08:42:00 +0900",http://www.onews.tv/news/articleView.html?idxno=100189,10
프랑켄슈타인,블루스퀘어,"규현, 뮤지컬 '프랑켄슈타인' 빅터 役 합류…다채로운 매력 예고","Fri, 26 Nov 2021 08:36:00 +0900",http://enter.etoday.co.kr/view/news_view.php?varAtcId=215552,10
프랑켄슈타인,블루스퀘어,"규현, 뮤지컬 '프랑켄슈타인' 26일 첫 공연..압도적 무대 예고","Fri, 26 Nov 2021 08:24:00 +0900",https://m.entertain.naver.com/article/076/0003806171,10
프랑켄슈타인,블루스퀘어,"규현, 오늘(26일) 뮤지컬 '프랑켄슈타인' 첫 공연..주인공 열연 예고","Fri, 26 Nov 2021 07:44:00 +0900",https://m.entertain.naver.com/article/109/0004517283,10
프랑켄슈타인,블루스퀘어,"규현, 26일 뮤지컬 '프랑켄슈타인' 첫 공연…주인공 빅터로 열연 예고","Fri, 26 Nov 2021 07:38:00 +0900",https://m.entertain.naver.com/article/215/0000999454,10
프랑켄슈타인,블루스퀘어,"규현, 오늘(26일) 뮤지컬 '프랑켄슈타인' 첫 무대…주인공 '빅터'로 열연","Fri, 26 Nov 2021 07:36:00 +0900",http://www.slist.kr/news/articleView.html?idxno=313905,10
프랑켄슈타인,블루스퀘어,"'프랑켄슈타인' 3년 만의 귀환, 전석 기립으로 막 열었다","Thu, 25 Nov 2021 18:14:00 +0900",http://www.tvdaily.co.kr/read.php3?aid=16378313571614158002,10
프랑켄슈타인,블루스퀘어,"김지우, 뮤지컬 '프랑켄슈타인' 치열한 티켓팅에 깜짝 &quot;우리 공연 대단&quot;","Thu, 25 Nov 2021 18:10:00 +0900",https://m.entertain.naver.com/article/112/0003502722,10
프랑켄슈타인,블루스퀘어,"뮤지컬 '프랑켄슈타인', 창작 뮤지컬 신화의 화려한 귀환","Thu, 25 Nov 2021 16:18:00 +0900",http://www.topdaily.kr/news/articleView.html?idxno=125986,10
프랑켄슈타인,블루스퀘어,&quot;객석 전원 기립+감동&quot;…뮤지컬 '프랑켄슈타인' 첫공 성료,"Thu, 25 Nov 2021 13:29:00 +0900",https://m.entertain.naver.com/article/117/0003558180,10
프랑켄슈타인,블루스퀘어,"전동석→박은태 '프랑켄슈타인', 기립박수로 4번째 시즌 시작","Thu, 25 Nov 2021 09:06:00 +0900",http://www.slist.kr/news/articleView.html?idxno=313701,10
프랑켄슈타인,블루스퀘어,압도적 캐스팅…뮤지컬 '프랑켄슈타인' 24일 개막,"Wed, 24 Nov 2021 18:06:00 +0900",http://www.cstimes.com/news/articleView.html?idxno=481700,10
프랑켄슈타인,블루스퀘어,3년 만에 돌아온 뮤지컬 '프랑켄슈타인' 오늘(24일) 개막!,"Wed, 24 Nov 2021 17:26:00 +0900",http://www.mhns.co.kr/news/articleView.html?idxno=516474,10
프랑켄슈타인,블루스퀘어,"뮤지컬 ‘프랑켄슈타인’, 3년 만에 귀환","Wed, 24 Nov 2021 13:24:00 +0900",https://n.news.naver.com/mnews/article/277/0005004732?sid=103,10
프랑켄슈타인,블루스퀘어,대작 뮤지컬 ‘프랑켄슈타인’ 3년 만에 돌아왔다,"Wed, 24 Nov 2021 11:30:00 +0900",http://munhaknews.com/?p=57129,10
프랑켄슈타인,블루스퀘어,뮤지컬 '프랑켄슈타인' 3년 만에 돌아왔다! 24일 개막,"Wed, 24 Nov 2021 11:08:00 +0900",http://www.onews.tv/news/articleView.html?idxno=99843,10
프랑켄슈타인,블루스퀘어,"뮤지컬 ‘프랑켄슈타인’ 개막…전동석, 박은태 등 전설을 무대 위에서 다시 ...","Wed, 24 Nov 2021 10:21:00 +0900",https://m.entertain.naver.com/article/144/0000776580,10
프랑켄슈타인,블루스퀘어,"뮤덕 위한 '토핑위크'...인터파크, '프랑켄슈타인'→'잭더리퍼' 할인","Wed, 24 Nov 2021 10:04:00 +0900",http://www.slist.kr/news/articleView.html?idxno=313463,10
프랑켄슈타인,블루스퀘어,"3년만 귀환 '프랑켄슈타인', 오늘(24일) 네 번째 시즌 개막","Wed, 24 Nov 2021 09:56:00 +0900",http://www.slist.kr/news/articleView.html?idxno=313458,10
프랑켄슈타인,블루스퀘어,대작 뮤지컬 '프랑켄슈타인' 오늘 개막,"Wed, 24 Nov 2021 09:37:00 +0900",https://n.news.naver.com/mnews/article/018/0005092780?sid=103,10
프랑켄슈타인,블루스퀘어,전동석·박은태·민우혁…뮤지컬 '프랑켄슈타인' 24일 개막,"Wed, 24 Nov 2021 09:32:00 +0900",http://www.mediapen.com/news/view/680731,10
프랑켄슈타인,블루스퀘어,"3년 만에 돌아온 ‘프랑켄슈타인’, 오늘 개막…전동석·박은태 다시 만난다","Wed, 24 Nov 2021 09:30:00 +0900",https://n.news.naver.com/mnews/article/119/0002550897?sid=103,10
프랑켄슈타인,블루스퀘어,뮤지컬 '프랑켄슈타인' 3년 만에 돌아왔다,"Wed, 24 Nov 2021 08:46:00 +0900",http://www.topdaily.kr/news/articleView.html?idxno=125651,10
프랑켄슈타인,블루스퀘어,뮤지컬 '프랑켄슈타인' 개막 D-1…열정폭발 연습현장 공개,"Tue, 23 Nov 2021 18:30:00 +0900",http://www.cstimes.com/news/articleView.html?idxno=481560,10
프랑켄슈타인,블루스퀘어,"뮤지컬 '프랑켄슈타인' 개막까지 D-1, 배우들의 연습 현장 공개","Tue, 23 Nov 2021 16:16:00 +0900",https://www.sportsw.kr/news/newsview.php?ncode=1065584295688516,10
프랑켄슈타인,블루스퀘어,"개막 D-1 뮤지컬 ‘프랑켄슈타인’, 긴장X열정 가득한 연습실 스케치 공개…본...","Tue, 23 Nov 2021 15:39:00 +0900",https://m.entertain.naver.com/article/215/0000998798,10
프랑켄슈타인,블루스퀘어,'프랑켄슈타인' 민우혁·전동석·규현·박은태·카이·정택운 등 일심동체,"Tue, 23 Nov 2021 13:31:00 +0900",https://m.entertain.naver.com/article/311/0001376958,10
프랑켄슈타인,블루스퀘어,"뮤지컬 '프랑켄슈타인' 개막 D-1, 긴장·열정으로 찬 연습실 현장 사진 공개","Tue, 23 Nov 2021 12:42:00 +0900",http://www.mhns.co.kr/news/articleView.html?idxno=516354,10
프랑켄슈타인,블루스퀘어,"민우혁→카이, '프랑켄슈타인' 연습실 스케치 공개","Tue, 23 Nov 2021 11:34:00 +0900",http://www.topdaily.kr/news/articleView.html?idxno=125480,10
프랑켄슈타인,블루스퀘어,'프랑켄슈타인' 무대 위 모습 그대로…열정 넘치는 연습실,"Tue, 23 Nov 2021 09:56:00 +0900",http://www.newsculture.press/news/articleView.html?idxno=500400,10
프랑켄슈타인,블루스퀘어,"'프랑켄슈타인', 마스크 뚫고 나오는 열정...규현→전동석 연습현장 공개","Tue, 23 Nov 2021 09:22:00 +0900",http://www.slist.kr/news/articleView.html?idxno=313179,10
프랑켄슈타인,블루스퀘어,박은태·민우혁·규현·카이 등 캐릭터 몰입…개막 D-1 '프랑켄슈타인',"Tue, 23 Nov 2021 09:14:00 +0900",https://www.newdaily.co.kr/site/data/html/2021/11/23/2021112300013.html,10
프랑켄슈타인,블루스퀘어,"'심야괴담회', 뮤지컬 '프랑켄슈타인' 배우 서현철 출연해 화려한 입담 펼쳐","Fri, 19 Nov 2021 12:36:00 +0900",http://www.socialvalue.kr/news/articleView.html?idxno=607649,10
프랑켄슈타인,블루스퀘어,"‘프랑켄슈타인’ 배우 서현철, 현실감 넘치는 괴담 소개","Fri, 19 Nov 2021 10:10:00 +0900",https://m.entertain.naver.com/article/144/0000775559,10
프랑켄슈타인,블루스퀘어,‘프랑켄슈타인’ 민우혁·규현·이봄소리 ‘컬투쇼’ 출격,"Thu, 18 Nov 2021 17:21:00 +0900",https://m.entertain.naver.com/article/144/0000775392,10
프랑켄슈타인,블루스퀘어,"규현·민우혁·이봄소리, ''프랑켄슈타인' 넘버 라이브...개막 기대감UP (컬투...","Thu, 18 Nov 2021 16:50:00 +0900",http://www.slist.kr/news/articleView.html?idxno=312136,10
프랑켄슈타인,블루스퀘어,"규현X민우혁X이봄소리 &quot;한국 창작뮤지컬 '프랑켄슈타인', 일본에도 수출&quot; (컬...","Thu, 18 Nov 2021 15:09:00 +0900",https://m.entertain.naver.com/article/408/0000138906,10
프랑켄슈타인,블루스퀘어,"'컬투쇼' 민우혁 &quot;'프랑켄슈타인', 韓 순수 창작 뮤지컬&quot;","Thu, 18 Nov 2021 14:24:00 +0900",http://tvdaily.co.kr/read.php3?aid=16372128311613158002,10
프랑켄슈타인,블루스퀘어,"뮤지컬 '프랑켄슈타인' 민우혁·규현·이봄소리, 오늘(18일)'컬투쇼' 출연!","Thu, 18 Nov 2021 10:12:00 +0900",http://www.mhns.co.kr/news/articleView.html?idxno=516033,10
프랑켄슈타인,블루스퀘어,"'프랑켄슈타인' 서현철, 오늘(18일) '심야괴담회' 출격...레전드 입담 예고","Thu, 18 Nov 2021 09:32:00 +0900",http://www.slist.kr/news/articleView.html?idxno=311971,10
프랑켄슈타인,블루스퀘어,‘프랑켄슈타인’ 민우혁·규현·이봄소리 ‘컬투쇼’ 출연,"Wed, 17 Nov 2021 10:26:00 +0900",https://m.entertain.naver.com/article/144/0000774934,10
프랑켄슈타인,블루스퀘어,"민우혁·규현·이봄소리, 18일 '컬투쇼' 출격...'프랑켄슈타인' 넘버 부른다","Wed, 17 Nov 2021 09:18:00 +0900",http://www.slist.kr/news/articleView.html?idxno=311632,10
프랑켄슈타인,블루스퀘어,"뮤지컬 '프랑켄슈타인', 배우 8명이 부른 넘버 라이브 클립 공개","Fri, 12 Nov 2021 14:31:00 +0900",http://www.newspim.com/news/view/20211112000866,10
프랑켄슈타인,블루스퀘어,뮤지컬 '프랑켄슈타인' 주역 8인 라이브 클립 티저 영상 공개!,"Fri, 12 Nov 2021 09:46:00 +0900",http://www.mhns.co.kr/news/articleView.html?idxno=515660,10
프랑켄슈타인,블루스퀘어,"뮤지컬 '프랑켄슈타인' 민우혁→카이, 라이브 클립 티저 영상 공개","Thu, 11 Nov 2021 16:14:00 +0900",http://www.topdaily.kr/news/articleView.html?idxno=124071,10
프랑켄슈타인,블루스퀘어,"'프랑켄슈타인' 민우혁→규현, 감성 가득 라이브 클립","Thu, 11 Nov 2021 15:14:00 +0900",http://www.newsculture.press/news/articleView.html?idxno=500027,10
프랑켄슈타인,블루스퀘어,‘프랑켄슈타인’ 라이브 클립 티저 공개,"Thu, 11 Nov 2021 14:32:00 +0900",https://m.entertain.naver.com/article/144/0000773701,10
프랑켄슈타인,블루스퀘어,뮤지컬 '프랑켄슈타인' 8인 배우의 라이브 클립 티저영상 공개,"Thu, 11 Nov 2021 13:27:00 +0900",https://n.news.naver.com/mnews/article/018/0005083577?sid=103,10
프랑켄슈타인,블루스퀘어,"'프랑켄슈타인', 규현→정택운 8인 라이브클립 티저 공개","Thu, 11 Nov 2021 09:26:00 +0900",http://www.slist.kr/news/articleView.html?idxno=310040,10
프랑켄슈타인,블루스퀘어,"뮤지컬 '프랑켄슈타인' 민우혁·전동석·규현·박은태·카이·정택운, 캐릭터...","Wed, 10 Nov 2021 14:24:00 +0900",http://www.topdaily.kr/news/articleView.html?idxno=123923,10
프랑켄슈타인,블루스퀘어,뮤지컬 '프랑켄슈타인' 기대감 높이는 캐릭터 포스터,"Wed, 10 Nov 2021 13:56:00 +0900",http://www.newsculture.press/view.htm?idxno=2021111013553909872,10
프랑켄슈타인,블루스퀘어,"민우혁→규현, '프랑켄슈타인' 캐릭터 포스터 공개..싱크로율 200%","Wed, 10 Nov 2021 11:56:00 +0900",https://m.entertain.naver.com/article/112/0003496692,10
프랑켄슈타인,블루스퀘어,"뮤지컬 '프랑켄슈타인', 캐릭터 포스터 공개","Wed, 10 Nov 2021 11:44:00 +0900",http://tvdaily.co.kr/read.php3?aid=16365084001612006002,10
프랑켄슈타인,블루스퀘어,"'프랑켄슈타인', 전동석→규현 14인 캐릭터 포스터 공개...개막 기대감 UP","Wed, 10 Nov 2021 10:04:00 +0900",http://www.slist.kr/news/articleView.html?idxno=309718,10
프랑켄슈타인,블루스퀘어,"뮤지컬 ‘프랑켄슈타인’, 캐릭터 포스터 공개","Wed, 10 Nov 2021 09:48:00 +0900",https://m.entertain.naver.com/article/144/0000773276,10
프랑켄슈타인,블루스퀘어,‘프랑켄슈타인’ 캐릭터 포스터 공개,"Wed, 10 Nov 2021 09:28:00 +0900",https://m.entertain.naver.com/article/144/0000773267,10
프랑켄슈타인,블루스퀘어,'프랑켄슈타인' 3년만 귀환..민우혁→정택운 설렘 가득 인터뷰 공개,"Wed, 03 Nov 2021 16:11:00 +0900",https://m.entertain.naver.com/article/112/0003494122,10
프랑켄슈타인,블루스퀘어,민우혁→규현 뮤지컬 ‘프랑켄슈타인’ 메이킹 영상 공개,"Wed, 03 Nov 2021 13:56:00 +0900",https://n.news.naver.com/mnews/article/382/0000942419?sid=103,10
프랑켄슈타인,블루스퀘어,"뮤지컬 '프랑켄슈타인' 민우혁·전동석·규현·박은태·카이·정택운, 프로필...","Wed, 03 Nov 2021 13:14:00 +0900",http://www.topdaily.kr/news/articleView.html?idxno=122953,10
프랑켄슈타인,블루스퀘어,뮤지컬 '프랑켄슈타인' 프로필 메이킹 영상 &amp; 인터뷰 공개!,"Wed, 03 Nov 2021 11:16:00 +0900",http://www.mhns.co.kr/news/articleView.html?idxno=514927,10
프랑켄슈타인,블루스퀘어,"흥행 창작 뮤지컬 '프랑켄슈타인', 메이킹 인터뷰 공개…24일 개막","Wed, 03 Nov 2021 09:35:00 +0900",http://www.newspim.com/news/view/20211103000158,10
프랑켄슈타인,블루스퀘어,"'프랑켄슈타인', 규현→전동석 14인 메이킹 영상 &quot;그냥 보러 오시면 된다&quot;","Wed, 03 Nov 2021 09:14:00 +0900",http://www.slist.kr/news/articleView.html?idxno=307834,10
프랑켄슈타인,블루스퀘어,"'프랑켄슈타인' 민우혁→규현, 빅터X괴물 페어컷 공개…24일 첫공","Tue, 02 Nov 2021 17:32:00 +0900",https://m.entertain.naver.com/article/396/0000595831,10
프랑켄슈타인,블루스퀘어,"뮤지컬 '프랑켄슈타인', '빅터 &amp;괴물' 페어컷 공개","Mon, 01 Nov 2021 11:02:00 +0900",http://www.withinnews.co.kr/news/view.html?section=9&category=126&item=&no=26080,10
프랑켄슈타인,블루스퀘어,민우혁-카이-규현 뮤지컬 '프랑켄슈타인' 페어컷 공개,"Sat, 30 Oct 2021 16:13:00 +0900",https://n.news.naver.com/mnews/article/468/0000797706?sid=103,10
프랑켄슈타인,블루스퀘어,"뮤지컬 '프랑켄슈타인', 빅터와 괴물의 서사 담은 페어컷 공걔","Fri, 29 Oct 2021 12:20:00 +0900",https://www.sportsw.kr/news/newsview.php?ncode=1065581942181831,10
프랑켄슈타인,블루스퀘어,"뮤지컬 '프랑켄슈타인' 민우혁·박은태, 전동석·정택운, 규현·카이 페어컷 ...","Thu, 28 Oct 2021 15:52:00 +0900",http://www.mhns.co.kr/news/articleView.html?idxno=514563,10
프랑켄슈타인,블루스퀘어,"'프랑켄슈타인' 박은태→규현, 사진 한 장에 담아낸 서사","Thu, 28 Oct 2021 14:36:00 +0900",http://www.newsculture.press/view.htm?idxno=2021102814341467659,10
프랑켄슈타인,블루스퀘어,뮤지컬 '프랑켄슈타인' 민우혁x박은태·전동석x정택운·규현x카이 페어컷 공개,"Thu, 28 Oct 2021 14:06:00 +0900",http://www.m-i.kr/news/articleView.html?idxno=870397,10
프랑켄슈타인,블루스퀘어,"'프랑켄슈타인' 민우혁→규현, 빅터X괴물 페어컷 공개..기대감 UP","Thu, 28 Oct 2021 13:35:00 +0900",https://m.entertain.naver.com/article/112/0003491868,10
프랑켄슈타인,블루스퀘어,"뮤지컬 ‘프랑켄슈타인’ 민우혁·박은태, 전동석·정택운, 규현·카이 페어컷...","Thu, 28 Oct 2021 10:16:00 +0900",http://www.playdb.co.kr/magazine/magazine_temp_view.asp?kindno=2&page=1&no=6030&NM=Y,10
프랑켄슈타인,블루스퀘어,"'프랑켄슈타인' 전동석→규현 6인, 빅터-괴물 페어컷 공개","Thu, 28 Oct 2021 09:24:00 +0900",http://www.slist.kr/news/articleView.html?idxno=306260,10
프랑켄슈타인,블루스퀘어,지갑주의! '레베카'부터 '프랑켄슈타인'...11월 공연 개막작,"Tue, 26 Oct 2021 15:50:00 +0900",http://www.slist.kr/news/articleView.html?idxno=305775,10
프랑켄슈타인,블루스퀘어,"정택운, 뮤지컬 '프랑켄슈타인' 1인2역 화보 공개 &quot;극 내내 상탈&quot;","Fri, 22 Oct 2021 08:52:00 +0900",http://www.slist.kr/news/articleView.html?idxno=304665,10
프랑켄슈타인,블루스퀘어,정택운 &quot;뮤지컬 '프랑켄슈타인' 만난 건 운명…저만의 괴물 만들기가 가장 큰...,"Fri, 22 Oct 2021 08:50:00 +0900",http://www.newsculture.press/view.htm?idxno=2021102208372298373,10
프랑켄슈타인,블루스퀘어,"정택운 &quot;첫 1인 2역 '프랑켄슈타인', 지금 만난 건 운명&quot; [화보]","Fri, 22 Oct 2021 08:41:00 +0900",https://m.entertain.naver.com/article/108/0002998657,10
프랑켄슈타인,블루스퀘어,"뮤지컬 '프랑켄슈타인' 민우혁→규현, 괴물 캐릭터 모션 포스터 공개","Wed, 20 Oct 2021 14:58:00 +0900",http://www.topdaily.kr/news/articleView.html?idxno=121346,10
프랑켄슈타인,블루스퀘어,뮤지컬 '프랑켄슈타인' 캐릭터 모션 포스터 공개,"Wed, 20 Oct 2021 11:26:00 +0900",http://www.m-i.kr/news/articleView.html?idxno=868071,10
프랑켄슈타인,블루스퀘어,뮤지컬 ‘프랑켄슈타인’ 민우혁·전동석·규현·박은태·카이·정택운 모션 ...,"Wed, 20 Oct 2021 10:40:00 +0900",https://m.entertain.naver.com/article/144/0000768385,10
프랑켄슈타인,블루스퀘어,"'프랑켄슈타인, 규현→정택운 6인 캐릭터 모션 포스터 공개","Wed, 20 Oct 2021 09:06:00 +0900",http://www.slist.kr/news/articleView.html?idxno=304065,10
프랑켄슈타인,블루스퀘어,뮤지컬 '프랑켄슈타인' 짧고 굵게 담아낸 감정,"Wed, 20 Oct 2021 09:02:00 +0900",http://www.newsculture.press/view.htm?idxno=2021102009003183771,10
프랑켄슈타인,블루스퀘어,뮤지컬 '프랑켄슈타인' 강렬한 1인 2역 예고..6인 6색 모션 포스터 공개,"Wed, 20 Oct 2021 08:46:00 +0900",http://kpenews.com/View.aspx?No=2084203,10
프랑켄슈타인,블루스퀘어,"뮤지컬 '프랑켄슈타인', 2차 티켓 오픈 예매율 1위 석권","Fri, 15 Oct 2021 17:14:00 +0900",http://www.withinnews.co.kr/news/view.html?section=9&category=126&item=&no=25970,10
프랑켄슈타인,블루스퀘어,뮤지컬 ‘프랑켄슈타인’ 예매율 1위 석권,"Thu, 14 Oct 2021 16:46:00 +0900",https://m.entertain.naver.com/article/144/0000767484,10
프랑켄슈타인,블루스퀘어,"민우혁·전동석·규현 '프랑켄슈타인', 역시 핫하다…2차티켓 예매율 1위","Thu, 14 Oct 2021 16:17:00 +0900",http://www.slist.kr/news/articleView.html?idxno=302697,10
프랑켄슈타인,블루스퀘어,뮤지컬 '프랑켄슈타인' 2차 티켓 오픈 예매율 1위...한국 창작 뮤지컬 흥행작...,"Thu, 14 Oct 2021 15:37:00 +0900",http://www.topdaily.kr/news/articleView.html?idxno=120710,10
프랑켄슈타인,블루스퀘어,뮤지컬 '프랑켄슈타인' MZ세대 맞춤 영상 콘텐츠로 팬들과 소통 창구 열어,"Thu, 14 Oct 2021 11:27:00 +0900",http://www.topdaily.kr/news/articleView.html?idxno=120636,10
프랑켄슈타인,블루스퀘어,"규현→정택운 '프랑켄슈타인', 오늘(14일) 티켓오픈","Thu, 14 Oct 2021 09:07:00 +0900",http://www.slist.kr/news/articleView.html?idxno=302514,10
프랑켄슈타인,블루스퀘어,"뮤지컬 '프랑켄슈타인', 관객 친화형 콘텐츠로 MZ세대 공략","Thu, 14 Oct 2021 09:00:00 +0900",http://www.newdaily.co.kr/site/data/html/2021/10/14/2021101400010.html,10
프랑켄슈타인,블루스퀘어,뮤지컬 '프랑켄슈타인' 영상 콘텐츠로 친근한 소통,"Thu, 14 Oct 2021 08:50:00 +0900",http://www.newsculture.press/view.htm?idxno=2021101408502049600,10
프랑켄슈타인,블루스퀘어,"민우혁, '마리 앙투아네트'-'다윈 영'-'프랑켄슈타인' 열일 행보 이어가","Wed, 06 Oct 2021 15:29:00 +0900",http://www.onews.tv/news/articleView.html?idxno=92699,10
프랑켄슈타인,블루스퀘어,뮤지컬 '프랑켄슈타인'. 상견례 현장 공개,"Fri, 01 Oct 2021 18:19:00 +0900",http://www.withinnews.co.kr/news/view.html?section=9&category=126&item=&no=25845,10
프랑켄슈타인,블루스퀘어,뮤지컬 '프랑켄슈타인' 상견례 현장 공개!,"Thu, 30 Sep 2021 23:14:00 +0900",http://www.gukjenews.com/news/articleView.html?idxno=2319358,10
프랑켄슈타인,블루스퀘어,"뮤지컬 ‘프랑켄슈타인’ 상견례 현장 공개…3년 만에 돌아온 네 번째 시즌, ...","Thu, 30 Sep 2021 15:50:00 +0900",https://m.entertain.naver.com/article/215/0000987603,10
프랑켄슈타인,블루스퀘어,"뮤지컬 '프랑켄슈타인', 상견례 현장 공개","Thu, 30 Sep 2021 15:02:00 +0900",https://n.news.naver.com/mnews/article/018/0005048383?sid=103,10
프랑켄슈타인,블루스퀘어,뮤지컬 '프랑켄슈타인' 상견례 현장 공개,"Thu, 30 Sep 2021 13:05:00 +0900",http://www.topdaily.kr/news/articleView.html?idxno=119019,10
프랑켄슈타인,블루스퀘어,민우혁·전동석·규현·박은태·카이...'프랑켄슈타인' 상견례,"Thu, 30 Sep 2021 11:27:00 +0900",https://n.news.naver.com/mnews/article/003/0010744622?sid=103,10
프랑켄슈타인,블루스퀘어,"뮤지컬 ‘프랑켄슈타인’ 상견례 현장 공개…3년 만에 돌아온 네 번째 시즌, ...","Thu, 30 Sep 2021 10:36:00 +0900",https://m.entertain.naver.com/article/144/0000764580,10
프랑켄슈타인,블루스퀘어,"&quot;어려운 시기, 건강하고 즐겁게 임하겠다&quot; 뮤지컬 프랑켄슈타인 상견례 현장","Thu, 30 Sep 2021 10:30:00 +0900",http://kpenews.com/View.aspx?No=2065539,10
프랑켄슈타인,블루스퀘어,뮤지컬 '프랑켄슈타인' 상견례 현장 공개,"Thu, 30 Sep 2021 10:09:00 +0900",http://www.playdb.co.kr/magazine/magazine_temp_view.asp?kindno=2&page=1&no=5982&NM=Y,10
프랑켄슈타인,블루스퀘어,뮤지컬 '프랑켄슈타인' 상견례 현장 공개...3년 만에 새 시즌,"Thu, 30 Sep 2021 09:30:00 +0900",http://www.slist.kr/news/articleView.html?idxno=289815,10
프랑켄슈타인,블루스퀘어,뮤지컬 '프랑켄슈타인' 열정 가득 첫인사,"Thu, 30 Sep 2021 09:20:00 +0900",http://www.newsculture.press/view.htm?idxno=2021093009210165791,10
프랑켄슈타인,블루스퀘어,민우혁·박은태·카이·규현 등 참석…뮤지컬 '프랑켄슈타인' 상견례,"Thu, 30 Sep 2021 09:18:00 +0900",http://www.newdaily.co.kr/site/data/html/2021/09/30/2021093000018.html,10
프랑켄슈타인,블루스퀘어,"뮤지컬 '프랑켄슈타인', 민우혁-전동석-규현 2차 포스터 공개","Wed, 29 Sep 2021 17:59:00 +0900",http://www.withinnews.co.kr/news/view.html?section=9&category=126&item=&no=25818,10
프랑켄슈타인,블루스퀘어,"뮤지컬 '프랑켄슈타인', 압도적 카리스마 '빅터' 2차 포스터 공개!","Tue, 28 Sep 2021 15:34:00 +0900",http://www.gukjenews.com/news/articleView.html?idxno=2317208,10
프랑켄슈타인,블루스퀘어,"민우혁·전동석·규현, 고독 카리스마...'프랑켄슈타인'","Tue, 28 Sep 2021 14:46:00 +0900",https://n.news.naver.com/mnews/article/003/0010740441?sid=103,10
프랑켄슈타인,블루스퀘어,"뮤지컬 '프랑켄슈타인' 3년 만의 귀환, 빅터의 카리스마 담은 2차 포스터 공개","Tue, 28 Sep 2021 14:27:00 +0900",http://www.socialvalue.kr/news/articleView.html?idxno=607418,10
프랑켄슈타인,블루스퀘어,뮤지컬 ‘프랑켄슈타인’ 빅터 역 민우혁-전동석-규현 2차 포스터 공개,"Tue, 28 Sep 2021 14:21:00 +0900",http://www.playdb.co.kr/magazine/magazine_temp_view.asp?kindno=2&page=1&no=5978&NM=Y,10
프랑켄슈타인,블루스퀘어,"뮤지컬 ‘프랑켄슈타인’, 빅터 민우혁·전동석·규현 2차 포스터 공개","Tue, 28 Sep 2021 14:07:00 +0900",https://m.entertain.naver.com/article/144/0000764099,10
프랑켄슈타인,블루스퀘어,뮤지컬 '프랑켄슈타인' 민우혁-전동석-규현 압도적 카리스마 담은 2차 포스터...,"Tue, 28 Sep 2021 11:27:00 +0900",http://www.topdaily.kr/news/articleView.html?idxno=118601,10
프랑켄슈타인,블루스퀘어,‘프랑켄슈타인’ 민우혁·전동석·규현 2차 포스터 공개,"Tue, 28 Sep 2021 11:23:00 +0900",https://m.entertain.naver.com/article/382/0000935256,10
프랑켄슈타인,블루스퀘어,"'프랑켄슈타인', 민우혁·전동석·규현 2차 캐릭터포스터 공개","Tue, 28 Sep 2021 09:16:00 +0900",http://www.slist.kr/news/articleView.html?idxno=289189,10
프랑켄슈타인,블루스퀘어,"뮤지컬 '프랑켄슈타인' 민우혁·전동석·규현, 집념과 상처를 예고하다","Tue, 28 Sep 2021 09:12:00 +0900",http://kpenews.com/View.aspx?No=2049783,10
프랑켄슈타인,블루스퀘어,민우혁·규현 출연 뮤지컬 '프랑켄슈타인' 11월 개막,"Tue, 21 Sep 2021 06:02:00 +0900",https://www.asiatoday.co.kr/view.php?key=20210916010010267,10
프랑켄슈타인,블루스퀘어,"뮤지컬 ‘프랑켄슈타인’박은태·카이·정택운, 3人 3色 카리스마 분출","Mon, 20 Sep 2021 09:51:00 +0900",https://m.entertain.naver.com/article/144/0000762758,10
프랑켄슈타인,블루스퀘어,"뮤지컬 '프랑켄슈타인' 박은태·카이·정택운, 3人3色 매력","Sat, 18 Sep 2021 10:03:00 +0900",https://n.news.naver.com/mnews/article/003/0010728607?sid=103,10
프랑켄슈타인,블루스퀘어,"뮤지컬 '프랑켄슈타인' 박은태·카이·정택운, 공포 가득 괴물컷 공개","Fri, 17 Sep 2021 17:02:00 +0900",http://www.mediapen.com/news/view/664548,10
프랑켄슈타인,블루스퀘어,'프랑켄슈타인' 1차 티켓 오픈...예매율 1위 석권,"Fri, 17 Sep 2021 16:45:00 +0900",http://www.topdaily.kr/news/articleView.html?idxno=117906,10
프랑켄슈타인,블루스퀘어,"‘프랑켄슈타인’ 박은태X카이X정택운, 3인 3색 카리스마 분출한 '괴물 컨셉컷...","Fri, 17 Sep 2021 15:50:00 +0900",https://m.entertain.naver.com/article/215/0000985476,10
프랑켄슈타인,블루스퀘어,[SR문화] 뮤지컬 '프랑켄슈타인'…11월 24일 공연 시작,"Fri, 17 Sep 2021 15:50:00 +0900",http://www.srtimes.kr/news/articleView.html?idxno=99751,10
프랑켄슈타인,블루스퀘어,"박은태·카이·정택운, 뮤지컬 ‘프랑켄슈타인’ 괴물 완벽 변신","Fri, 17 Sep 2021 15:43:00 +0900",https://www.sportsw.kr/news/newsview.php?ncode=1065594338642744,10
프랑켄슈타인,블루스퀘어,"민우혁·전동석·규현, '프랑켄슈타인' 티켓 오픈과 동시에 예매율 1위","Fri, 17 Sep 2021 15:34:00 +0900",http://www.slist.kr/news/articleView.html?idxno=286941,10
프랑켄슈타인,블루스퀘어,"뮤지컬 '프랑켄슈타인' 박은태X카이X정택운, 카리스마 분출한 괴물컷 공개","Fri, 17 Sep 2021 14:39:00 +0900",http://www.topdaily.kr/news/articleView.html?idxno=117808,10
프랑켄슈타인,블루스퀘어,"뮤지컬 '프랑켄슈타인' 박은태, 카이, 정택운 컨셉컷 공개","Fri, 17 Sep 2021 13:32:00 +0900",http://www.playdb.co.kr/magazine/magazine_temp_view.asp?kindno=2&page=1&no=5970&NM=Y,10
프랑켄슈타인,블루스퀘어,'프랑켄슈타인' 3년만 귀환..박은태·카이·정택운 3人3色 괴색 컨셉컷,"Fri, 17 Sep 2021 13:23:00 +0900",https://m.entertain.naver.com/article/112/0003477862,10
프랑켄슈타인,블루스퀘어,"뮤지컬 '프랑켄슈타인', 괴물 3인의 캐릭터컷 공개!","Fri, 17 Sep 2021 11:50:00 +0900",http://www.gukjenews.com/news/articleView.html?idxno=2312032,10
프랑켄슈타인,블루스퀘어,"뮤지컬 '프랑켄슈타인', 3인 3색 '괴물 콘셉트컷' 공개","Fri, 17 Sep 2021 11:31:00 +0900",https://n.news.naver.com/mnews/article/018/0005039959?sid=103,10
프랑켄슈타인,블루스퀘어,뮤지컬 ‘프랑켄슈타인’ 박은태·카이·정택운 콘셉트컷 공개,"Fri, 17 Sep 2021 09:35:00 +0900",https://m.entertain.naver.com/article/144/0000762382,10
프랑켄슈타인,블루스퀘어,"'프랑켄슈타인' 박은태·카이·빅스 레오, 괴물 변신...콘셉트 포토 공개","Fri, 17 Sep 2021 09:34:00 +0900",http://www.slist.kr/news/articleView.html?idxno=286775,10
프랑켄슈타인,블루스퀘어,"박은태·카이·빅스 레오, 서늘한 공포 '괴물' 완벽 변신..'프랑켄슈타인' 예...","Fri, 17 Sep 2021 09:18:00 +0900",http://kpenews.com/View.aspx?No=2042397,10
프랑켄슈타인,블루스퀘어,뮤지컬 '프랑켄슈타인' 11월 개막... 규현·박은태·카이·민우혁 등 라인업 ...,"Wed, 15 Sep 2021 16:33:00 +0900",https://www.sportsw.kr/news/newsview.php?ncode=1065590367102108,10
프랑켄슈타인,블루스퀘어,메리 셸리 '프랑켄슈타인' 3년 만에 무대로!,"Wed, 15 Sep 2021 11:38:00 +0900",http://munhaknews.com/?p=53421,10
프랑켄슈타인,블루스퀘어,규현의 변신은 무죄 '베르테르' → '팬텀' 이어 이번엔 '프랑켄슈타인'이다,"Tue, 14 Sep 2021 17:16:00 +0900",http://www.weeklytoday.com/news/articleView.html?idxno=405004,10
프랑켄슈타인,블루스퀘어,"규현, 뮤지컬 ‘프랑켄슈타인’ 메인롤 ‘빅터’ 역할 합류","Tue, 14 Sep 2021 16:01:00 +0900",https://m.entertain.naver.com/article/382/0000933238,10
프랑켄슈타인,블루스퀘어,"슈퍼주니어 규현, 뮤지컬 ‘프랑켄슈타인’ 캐릭터 포스터 공개…'고뇌하는 과...","Tue, 14 Sep 2021 12:00:00 +0900",http://www.rpm9.com/news/article.html?id=20210914090010,10
프랑켄슈타인,블루스퀘어,규현의 변신은 무죄…이번엔 ‘프랑켄슈타인’,"Tue, 14 Sep 2021 10:14:00 +0900",https://m.entertain.naver.com/article/410/0000816333,10
프랑켄슈타인,블루스퀘어,"규현, 뮤지컬 '프랑켄슈타인' 빅터 役 합류..11월 개막 [공식]","Tue, 14 Sep 2021 08:21:00 +0900",https://m.entertain.naver.com/article/109/0004474605,10
프랑켄슈타인,블루스퀘어,"규현, 뮤지컬 ‘프랑켄슈타인’ 메인 롤 빅터 역할로 새롭게 합류","Tue, 14 Sep 2021 08:19:00 +0900",https://m.entertain.naver.com/article/215/0000984527,10
프랑켄슈타인,블루스퀘어,"규현, 11월 뮤지컬 '프랑켄슈타인' 합류..강렬한 눈빛[공식]","Tue, 14 Sep 2021 08:12:00 +0900",https://m.entertain.naver.com/article/108/0002988512,10
프랑켄슈타인,블루스퀘어,"규현, 뮤지컬 '프랑켄슈타인' 메인 롤 빅터 역 합류..한계 없는 변신[공식]","Tue, 14 Sep 2021 08:10:00 +0900",https://m.entertain.naver.com/article/112/0003476535,10
프랑켄슈타인,블루스퀘어,‘프랑켄슈타인’ 네 번째 시즌 11월 개막…박은태·전동석·민우혁·카이 등...,"Mon, 13 Sep 2021 18:16:00 +0900",https://n.news.naver.com/mnews/article/081/0003215899?sid=103,10
프랑켄슈타인,블루스퀘어,"'프랑켄슈타인' 민우혁→규현, 빅터 役 캐스팅…화려한 라인업","Mon, 13 Sep 2021 16:54:00 +0900",https://m.entertain.naver.com/article/311/0001347817,10
프랑켄슈타인,블루스퀘어,"뮤지컬 배우 카이, '프랑켄슈타인'에서 '앙리&amp;괴물' 1인 2역 캐스팅","Mon, 13 Sep 2021 16:30:00 +0900",http://www.mhns.co.kr/news/articleView.html?idxno=511837,10
프랑켄슈타인,블루스퀘어,뮤지컬 ‘프랑켄슈타인’ 11월 개막…박은태·규현 등 캐스팅,"Mon, 13 Sep 2021 14:36:00 +0900",http://www.kukinews.com/newsView/kuk202109130121,10
프랑켄슈타인,블루스퀘어,민우혁·전동석·규현·박은택·카이 등 ‘프랑켄슈타인’ 라인업 완성,"Mon, 13 Sep 2021 14:22:00 +0900",http://www.celuvmedia.com/article.php?aid=1631509971393084006,10
프랑켄슈타인,블루스퀘어,뮤지컬 '프랑켄슈타인' 캐스팅 공개…규현·정택운 합류,"Mon, 13 Sep 2021 14:02:00 +0900",https://n.news.naver.com/mnews/article/018/0005036306?sid=103,10
프랑켄슈타인,블루스퀘어,"규현 캐스팅, 프랑켄슈타인 라인업 기대감","Mon, 13 Sep 2021 13:50:00 +0900",http://www.sisamagazine.co.kr/news/articleView.html?idxno=401188,10
프랑켄슈타인,블루스퀘어,"뮤지컬 '프랑켄슈타인', 13인 황금 캐스팅 라인업 공개!","Mon, 13 Sep 2021 13:32:00 +0900",http://www.gukjenews.com/news/articleView.html?idxno=2308275,10
프랑켄슈타인,블루스퀘어,"규현 캐스팅, 프랑켄슈타인 출연 공식화","Mon, 13 Sep 2021 12:20:00 +0900",http://www.gukjenews.com/news/articleView.html?idxno=2308246,10
프랑켄슈타인,블루스퀘어,뮤지컬 '프랑켄슈타인' 네 번째 시즌 개막…&quot;민우혁·전동석·규현·박은태·...,"Mon, 13 Sep 2021 11:57:00 +0900",http://www.sctoday.co.kr/news/articleView.html?idxno=36518,10
프랑켄슈타인,블루스퀘어,"카이, '프랑켄슈타인' 캐스팅 소감 &quot;애정 가진 작품...다시 참여해 기쁘다&quot;","Mon, 13 Sep 2021 11:56:00 +0900",http://www.slist.kr/news/articleView.html?idxno=285485,10
프랑켄슈타인,블루스퀘어,"민우혁‧전동석→규현 캐스팅, ‘프랑켄슈타인’ 황금 라인업 완성(공식)","Mon, 13 Sep 2021 11:32:00 +0900",https://n.news.naver.com/mnews/article/057/0001607220?sid=103,10
프랑켄슈타인,블루스퀘어,"규현 캐스팅, 뮤지컬 ‘프랑켄슈타인’ 황금 캐스팅 라인업 공개 ‘시선집중’","Mon, 13 Sep 2021 11:20:00 +0900",http://www.breaknews.com/833534,10
프랑켄슈타인,블루스퀘어,뮤지컬 ‘프랑켄슈타인’ 캐스팅 라인업 공개,"Mon, 13 Sep 2021 11:08:00 +0900",https://m.entertain.naver.com/article/144/0000761455,10
프랑켄슈타인,블루스퀘어,"카이, 뮤지컬 '프랑켄슈타인' 캐스팅… 11월 24일 첫 공연","Mon, 13 Sep 2021 11:06:00 +0900",https://m.entertain.naver.com/article/241/0003154501,10
프랑켄슈타인,블루스퀘어,뮤지컬 '프랑켄슈타인' 민우혁-전동석-규현-박은태-카이-정택운 13인 황금 캐...,"Mon, 13 Sep 2021 10:47:00 +0900",http://www.topdaily.kr/news/articleView.html?idxno=117107,10
프랑켄슈타인,블루스퀘어,"뮤지컬 '프랑켄슈타인', 규현·정택운·해나·이봄소리·김지우 뉴캐스트...1...","Mon, 13 Sep 2021 10:17:00 +0900",https://hobbyen.co.kr/news/newsview.php?ncode=1065574977716335,10
프랑켄슈타인,블루스퀘어,"흥행 대작 '프랑켄슈타인', 민우혁·전동석·규현·박은태 출연…11월24일 개...","Mon, 13 Sep 2021 10:16:00 +0900",http://www.newspim.com/news/view/20210913000207,10
프랑켄슈타인,블루스퀘어,뮤지컬 '프랑켄슈타인' 3년 만에 귀환…규현·정택운 합류,"Mon, 13 Sep 2021 10:10:00 +0900",https://n.news.naver.com/mnews/article/003/0010716667?sid=103,10
프랑켄슈타인,블루스퀘어,"규현·카이·빅스 레오, ‘프랑켄슈타인’ 라인업 확정 [공식]","Mon, 13 Sep 2021 10:02:00 +0900",https://m.entertain.naver.com/article/382/0000932968,10
프랑켄슈타인,블루스퀘어,'프랑켄슈타인' 민우혁·전동석·규현→박은태·카이·레오 캐스팅,"Mon, 13 Sep 2021 09:56:00 +0900",https://m.entertain.naver.com/article/009/0004851572,10
프랑켄슈타인,블루스퀘어,뮤지컬 '프랑켄슈타인' 캐스팅 공개…박은태·규현·카이,"Mon, 13 Sep 2021 09:56:00 +0900",https://n.news.naver.com/mnews/article/079/0003552402?sid=103,10
프랑켄슈타인,블루스퀘어,뮤지컬 '프랑켄슈타인'에 민우혁·규현·정택운 출연,"Mon, 13 Sep 2021 09:52:00 +0900",https://n.news.naver.com/mnews/article/001/0012671992?sid=103,10
프랑켄슈타인,블루스퀘어,뮤지컬 '프랑켄슈타인' 캐스팅 공개…규현·정택운 등 합류,"Mon, 13 Sep 2021 09:45:00 +0900",https://n.news.naver.com/mnews/article/277/0004968336?sid=103,10
프랑켄슈타인,블루스퀘어,규현·카이→빅스 레오…뮤지컬 '프랑켄슈타인' 황금 라인업 공개,"Mon, 13 Sep 2021 09:37:00 +0900",https://m.entertain.naver.com/article/117/0003536112,10
프랑켄슈타인,블루스퀘어,‘프랑켄슈타인’ 네 번째 시즌…민우혁·전동석·규현·박은태·카이·정택운...,"Mon, 13 Sep 2021 09:32:00 +0900",http://www.playdb.co.kr/magazine/magazine_temp_view.asp?kindno=2&page=1&no=5960&NM=Y,10
프랑켄슈타인,블루스퀘어,"민우혁·전동석·규현→박은태·카이·레오, '프랑켄슈타인' 캐스팅","Mon, 13 Sep 2021 09:22:00 +0900",http://stoo.com/article.php?aid=74597113405,10
프랑켄슈타인,블루스퀘어,전동석·민우혁·규현·박은태·카이·레오...'프랑켄슈타인' 초특급 라인업,"Mon, 13 Sep 2021 09:20:00 +0900",http://www.slist.kr/news/articleView.html?idxno=285393,10
프랑켄슈타인,블루스퀘어,"민우혁·전동석·규현·박은태·카이·레오, '프랑켄슈타인' 캐스팅","Mon, 13 Sep 2021 09:16:00 +0900",http://tvdaily.co.kr/read.php3?aid=16314920791604130002,10
프랑켄슈타인,블루스퀘어,"뮤지컬 '프랑켄슈타인' 귀환, 박은태·민우혁·규현·정택운 합류","Mon, 13 Sep 2021 09:16:00 +0900",http://www.newdaily.co.kr/site/data/html/2021/09/13/2021091300019.html,10
프랑켄슈타인,블루스퀘어,박은태·민우혁→규현·정택운…뮤지컬 '프랑켄슈타인' 캐스팅 라인업,"Mon, 13 Sep 2021 09:16:00 +0900",http://www.newsculture.press/view.htm?idxno=2021091309175488813,10
프랑켄슈타인,블루스퀘어,민우혁·전동석·규현·박은태·카이·정택운..뮤지컬 '프랑켄슈타인' 3년 만...,"Mon, 13 Sep 2021 09:12:00 +0900",http://kpenews.com/View.aspx?No=2035019,10
프랑켄슈타인,블루스퀘어,"[단독] 슈퍼주니어 규현, 뮤지컬 '프랑켄슈타인' 출연","Mon, 13 Sep 2021 08:04:00 +0900",http://tvdaily.co.kr/read.php3?aid=16314876651604123010,10
프랑켄슈타인,블루스퀘어,"[단독] 빅스 레오, 복귀작은 뮤지컬 '프랑켄슈타인'","Mon, 13 Sep 2021 08:01:00 +0900",https://m.entertain.naver.com/article/469/0000629313,10
프랑켄슈타인,블루스퀘어,‘프랑켄슈타인’ 탄생...뮤지컬 '메리셸리' 개막!,"Fri, 06 Aug 2021 17:20:00 +0900",http://munhaknews.com/?p=51065,10
프랑켄슈타인,블루스퀘어,"뮤지컬 '메리셸리' 이성준, '프랑켄슈타인' 탄생 스토리 펼친다","Fri, 06 Aug 2021 13:22:00 +0900",http://www.topdaily.kr/news/articleView.html?idxno=112881,10
프랑켄슈타인,블루스퀘어,"'프랑켄슈타인·벤허' 이종규 이사장, 한국뮤지컬협회 제 11대 이사장 선출","Fri, 30 Jul 2021 09:24:00 +0900",http://kpenews.com/View.aspx?No=1986067,10
프랑켄슈타인,블루스퀘어,뮤지컬 음악감독·작곡가 이성준 &quot;프랑켄슈타인과 셸리 덕에 자존감↑&quot;,"Fri, 11 Jun 2021 15:48:00 +0900",https://n.news.naver.com/mnews/article/003/0010547159?sid=103,10
프랑켄슈타인,블루스퀘어,日관객 사로잡은 뮤지컬 '프랑켄슈타인' 돌아온다,"Thu, 13 May 2021 13:27:00 +0900",https://n.news.naver.com/mnews/article/079/0003503740?sid=103,10
프랑켄슈타인,블루스퀘어,"창작뮤지컬 ‘프랑켄슈타인’, 네 번째 시즌 개막…3년만에 귀환","Thu, 13 May 2021 09:23:00 +0900",https://n.news.naver.com/mnews/article/016/0001834650?sid=103,10
프랑켄슈타인,블루스퀘어,‘韓뮤지컬 최대 흥행작’ 뮤지컬 ‘프랑켄슈타인’ 3년 만에 귀환,"Wed, 12 May 2021 15:02:00 +0900",http://theviewers.co.kr/View.aspx?No=1629001,10
프랑켄슈타인,블루스퀘어,'프랑켄슈타인' 3년 만에 귀환…11월 개막,"Wed, 12 May 2021 14:42:00 +0900",https://www.etoday.co.kr/news/view/2025257,10
프랑켄슈타인,블루스퀘어,"뮤지컬 ‘프랑켄슈타인’, 3년 만에 귀환…11월 재공연 확정","Wed, 12 May 2021 14:20:00 +0900",https://m.entertain.naver.com/article/215/0000957406,10
프랑켄슈타인,블루스퀘어,"뮤지컬 '프랑켄슈타인', 오는 11월 네 번째 막 올린다","Wed, 12 May 2021 13:32:00 +0900",http://www.withinnews.co.kr/news/view.html?section=9&category=126&item=&no=24760,10
프랑켄슈타인,블루스퀘어,"뮤지컬 '프랑켄슈타인', 3년 만에 돌아온다…11월 네 번째 시즌 개막","Wed, 12 May 2021 13:16:00 +0900",http://digitalchosun.dizzo.com/site/data/html_dir/2021/05/12/2021051280100.html,10
프랑켄슈타인,블루스퀘어,'프랑켄슈타인' 3년 만에 귀환…11월 개막,"Wed, 12 May 2021 13:05:00 +0900",https://m.entertain.naver.com/article/009/0004792841,10
프랑켄슈타인,블루스퀘어,국내 창작 뮤지컬 '프랑켄슈타인' 3년 만에 막 올린다,"Wed, 12 May 2021 12:59:00 +0900",https://n.news.naver.com/mnews/article/015/0004545128?sid=103,10
프랑켄슈타인,블루스퀘어,"뮤지컬 '프랑켄슈타인', 3년 만에 네 번째 시즌 공연","Wed, 12 May 2021 11:06:00 +0900",https://n.news.naver.com/mnews/article/003/0010493826?sid=103,10
프랑켄슈타인,블루스퀘어,뮤지컬 '프랑켄슈타인' 3년 만에 돌아온다,"Wed, 12 May 2021 10:47:00 +0900",https://n.news.naver.com/mnews/article/018/0004927553?sid=103,10,＜ⓒ종합 경제정보 미디어 이데일리 - 무단전재 & 재배포 금지＞
프랑켄슈타인,블루스퀘어,뮤지컬 '프랑켄슈타인' 오는 11월 개막,"Wed, 12 May 2021 10:22:00 +0900",http://www.obsnews.co.kr/news/articleView.html?idxno=1309627,10
프랑켄슈타인,블루스퀘어,창작뮤지컬 '프랑켄슈타인' 3년만에 귀환…11월 개막,"Wed, 12 May 2021 10:03:00 +0900",https://n.news.naver.com/mnews/article/001/0012387730?sid=004,10
프랑켄슈타인,블루스퀘어,뮤지컬 '프랑켄슈타인' 3년 만에 돌아온다…11월 개막,"Wed, 12 May 2021 10:03:00 +0900",https://n.news.naver.com/mnews/article/421/0005345164?sid=103,10
프랑켄슈타인,블루스퀘어,"3년 만에 돌아오는 ‘프랑켄슈타인’, 11월 블루스퀘어 개막","Wed, 12 May 2021 09:47:00 +0900",https://n.news.naver.com/mnews/article/119/0002492297?sid=103,10
프랑켄슈타인,블루스퀘어,뮤지컬 '프랑켄슈타인' 돌아온다...영광 재현할까?,"Wed, 12 May 2021 09:37:00 +0900",https://n.news.naver.com/mnews/article/416/0000270923?sid=103,10
프랑켄슈타인,블루스퀘어,뮤지컬 '프랑켄슈타인' 3년 만에 귀환…네 번째 시즌의 막 올린다,"Wed, 12 May 2021 09:30:00 +0900",http://www.topdaily.kr/news/articleView.html?idxno=103999,10
프랑켄슈타인,블루스퀘어,뮤지컬 '프랑켄슈타인' 3년 만에 돌아온다,"Wed, 12 May 2021 09:28:00 +0900",https://n.news.naver.com/mnews/article/277/0004901216?sid=103,10
프랑켄슈타인,블루스퀘어,뮤지컬 '프랑켄슈타인' 3년 만에 귀환…블루스퀘어 11월 개막,"Wed, 12 May 2021 09:26:00 +0900",http://www.sctoday.co.kr/news/articleView.html?idxno=35449,10
프랑켄슈타인,블루스퀘어,뮤지컬 '프랑켄슈타인' 11월 네 번째 시즌의 막 올린다,"Wed, 12 May 2021 09:16:00 +0900",http://www.gukjenews.com/news/articleView.html?idxno=2221560,10
프랑켄슈타인,블루스퀘어,뮤지컬 '프랑켄슈타인' 3년 만에 돌아온다…11월 개막,"Wed, 12 May 2021 09:06:00 +0900",http://www.newdaily.co.kr/site/data/html/2021/05/12/2021051200023.html,10
프랑켄슈타인,블루스퀘어,"뮤지컬 '프랑켄슈타인', 11월 개막…3년만 재공연 확정","Wed, 12 May 2021 09:06:00 +0900",http://www.mediapen.com/news/view/627176,10
프랑켄슈타인,블루스퀘어,"[뮤지컬] 창작 블록버스터 '프랑켄슈타인' 11월, 3년만에 네번째 시즌 오픈","Wed, 12 May 2021 09:00:00 +0900",https://n.news.naver.com/mnews/article/076/0003728155?sid=103,10
프랑켄슈타인,블루스퀘어,"뮤지컬 '프랑켄슈타인', 11월 재공연 확정...3년 만 귀환","Wed, 12 May 2021 08:48:00 +0900",http://hobbyen.co.kr/news/newsview.php?ncode=1065570007095601,10
프랑켄슈타인,블루스퀘어,"뮤지컬 '프랑켄슈타인', 11월 재공연 확정…3년 만의 귀환","Wed, 12 May 2021 08:44:00 +0900",http://www.slist.kr/news/articleView.html?idxno=250436,10
프랑켄슈타인,블루스퀘어,3년 만에 귀환! 뮤지컬 ‘프랑켄슈타인’ 오는 11월 개막,"Wed, 12 May 2021 08:42:00 +0900",http://www.playdb.co.kr/magazine/magazine_temp_view.asp?kindno=2&page=1&no=5822&NM=Y,10
프랑켄슈타인,블루스퀘어,뮤지컬 '프랑켄슈타인' 3년 만에 귀환..11월 블루스퀘어 무대 오른다,"Wed, 12 May 2021 08:38:00 +0900",http://kpenews.com/View.aspx?No=1628106,10
하데스타운 [서울],샤롯데씨어터,"[리뷰] '하데스타운', 오래도록 듣고픈 김민석의 '오래된 사랑노래'","Wed, 24 Jul 2024 13:02:00 +0900",http://www.joynews24.com/view/1745490,10
하데스타운 [서울],샤롯데씨어터,"파파존스 피자, 뮤지컬 ‘하데스타운’ 초청 이벤트 진행","Wed, 24 Jul 2024 12:22:00 +0900",http://www.globalepic.co.kr/view.php?ud=20240724121932562248439a4874_29,10
하데스타운 [서울],샤롯데씨어터,"파파존스 피자, '판코 체다 크럼블' 주문 시 뮤지컬 '하데스타운' 초청 이벤트","Wed, 24 Jul 2024 09:50:00 +0900",https://www.businessplus.kr/news/articleView.html?idxno=65717,10
하데스타운 [서울],샤롯데씨어터,"파파존스 피자, 뮤지컬 '하데스타운' 초청 이벤트","Wed, 24 Jul 2024 09:14:00 +0900",https://www.slist.kr/news/articleView.html?idxno=566396,10
하데스타운 [서울],샤롯데씨어터,"파파존스, 뮤지컬 '하데스타운' 초청 이벤트","Wed, 24 Jul 2024 09:12:00 +0900",http://www.kdfnews.com/news/articleView.html?idxno=136350,10
하데스타운 [서울],샤롯데씨어터,"[커튼콜] 기다려줘, 내가 갈게 ‘하데스타운’…김민석의 ‘선물’ 같은 사랑...","Tue, 23 Jul 2024 17:31:00 +0900",https://m.entertain.naver.com/article/009/0005339338,10
하데스타운 [서울],샤롯데씨어터,지옥 같은 현실 속 꽃피우는 사랑…돌아온 '하데스타운'의 계절,"Tue, 23 Jul 2024 15:34:00 +0900",https://n.news.naver.com/mnews/article/018/0005795924?sid=103,10
하데스타운 [서울],샤롯데씨어터,"'하데스타운', 그럼에도 계속될 세상을 구원할 노래[TF리뷰]","Tue, 23 Jul 2024 10:01:00 +0900",https://m.entertain.naver.com/article/629/0000306742,10
하데스타운 [서울],샤롯데씨어터,"&quot;미친 하모니&quot;..그리스 신화 재해석, 소울 넘치는 '하데스타운'[이 공연]","Mon, 22 Jul 2024 19:55:00 +0900",https://n.news.naver.com/mnews/article/014/0005217071?sid=103,10
하데스타운 [서울],샤롯데씨어터,수천 년이 지나도 계속 될 사랑 노래…뮤지컬 ‘하데스타운’,"Mon, 22 Jul 2024 13:40:00 +0900",https://www.kgnews.co.kr/news/article.html?no=802312,10
하데스타운 [서울],샤롯데씨어터,[리뷰] 신화 속 지하세계인데 공감가는 뮤지컬 '하데스타운',"Sun, 21 Jul 2024 21:48:00 +0900",http://www.withinnews.co.kr/news/view.html?section=9&category=119&item=&no=33912,10
하데스타운 [서울],샤롯데씨어터,알면서도 아내를 잃어버린...뮤지컬 '하데스타운'의 오르페우스는 시인이었다,"Wed, 17 Jul 2024 17:08:00 +0900",https://n.news.naver.com/mnews/article/469/0000812747?sid=103,10
하데스타운 [서울],샤롯데씨어터,"롯데컬처웍스, 뮤지컬 '하데스타운' 재연 맞이 테마 콘텐츠 운영","Fri, 12 Jul 2024 18:26:00 +0900",https://www.ngetnews.com/news/articleView.html?idxno=508932,10
하데스타운 [서울],샤롯데씨어터,"샤롯데씨어터, ‘하데스타운’ 개막…오감만족 마케팅 눈길","Fri, 12 Jul 2024 13:12:00 +0900",http://www.sentv.co.kr/news/view/690746,10
하데스타운 [서울],샤롯데씨어터,최정원 韓 최초 여성 헤르메스…뮤지컬 '하데스타운' 12일 개막,"Fri, 12 Jul 2024 10:51:00 +0900",https://n.news.naver.com/mnews/article/421/0007659190?sid=103,10
하데스타운 [서울],샤롯데씨어터,"샤롯데씨어터, '하데스타운' 개막 기념 오감만족 마케팅","Fri, 12 Jul 2024 10:12:00 +0900",https://daily.hankooki.com/news/articleView.html?idxno=1105213,10
하데스타운 [서울],샤롯데씨어터,"샤롯데씨어터, '하데스타운' 개막 기념 이색 마케팅 '활발'","Fri, 12 Jul 2024 09:56:00 +0900",https://www.ezyeconomy.com/news/articleView.html?idxno=200247,10
하데스타운 [서울],샤롯데씨어터,"샤롯데씨어터, 뮤지컬 ‘하데스타운’ 개막 맞아 오감 자극 콘텐츠 선봬","Fri, 12 Jul 2024 09:00:00 +0900",https://www.sportsw.kr/news/newsview.php?ncode=1065570734399704,10
하데스타운 [서울],샤롯데씨어터,"뮤지컬 '하데스타운', 시츠프로브 영상 공개","Wed, 10 Jul 2024 22:20:00 +0900",http://www.withinnews.co.kr/news/view.html?section=9&category=126&item=&no=33829,10
하데스타운 [서울],샤롯데씨어터,뮤지컬 '하데스타운' 시츠프로브 영상 공개,"Wed, 10 Jul 2024 20:12:00 +0900",http://www.m-i.kr/news/articleView.html?idxno=1138833,10
하데스타운 [서울],샤롯데씨어터,'하데스타운' 넘버 미리 듣자…시츠프로브 현장 영상 공개,"Wed, 10 Jul 2024 18:15:00 +0900",https://n.news.naver.com/mnews/article/018/0005786170?sid=103,10
하데스타운 [서울],샤롯데씨어터,"개막 D-2 '하데스타운', 박강현→최정원 총출동…시츠프로브 영상 공개","Wed, 10 Jul 2024 12:30:00 +0900",http://www.celuvmedia.com/article.php?aid=1720581617480697006,10
하데스타운 [서울],샤롯데씨어터,"'하데스타운', 연습 현장 공개…개막 전 이미 완성된 팀워크","Wed, 10 Jul 2024 12:08:00 +0900",https://n.news.naver.com/mnews/article/015/0005007972?sid=103,10
하데스타운 [서울],샤롯데씨어터,"뮤지컬 '하데스타운', 몰입도 UP '시츠프로브 영상' 공개","Wed, 10 Jul 2024 09:48:00 +0900",https://www.slist.kr/news/articleView.html?idxno=562856,10
하데스타운 [서울],샤롯데씨어터,젠틀맨스 가이드·하데스타운·베르사유의 장미…뮤지컬 기대작 쏟아진다,"Mon, 01 Jul 2024 11:31:00 +0900",https://n.news.naver.com/mnews/article/018/0005778145?sid=103,10
하데스타운 [서울],샤롯데씨어터,[눈길 끄는 공연] 현대적으로 재탄생한 신화 속으로...뮤지컬 ‘하데스타운’...,"Sat, 01 Jun 2024 10:00:00 +0900",http://www.kyeongin.com/main/view.php?key=20240531025198168,10
하데스타운 [서울],샤롯데씨어터,"뮤지컬 '하데스타운' 7월 개막…최정원, 첫 여성 헤르메스","Tue, 07 May 2024 09:42:00 +0900",https://n.news.naver.com/mnews/article/079/0003892443?sid=103,10
하데스타운 [서울],샤롯데씨어터,"뮤지컬 '하데스타운', 오는 7월 무대에","Mon, 06 May 2024 11:58:00 +0900",https://www.asiatoday.co.kr/view.php?key=20240506010002123,10
하데스타운 [서울],샤롯데씨어터,"뮤지컬 '하데스타운', 13인의 캐스트 공개","Sun, 05 May 2024 11:44:00 +0900",http://www.withinnews.co.kr/news/view.html?section=9&category=126&item=&no=33272,10
하데스타운 [서울],샤롯데씨어터,뮤지컬 '하데스타운' 7월 개막.. 세상을 구원할 노래,"Sat, 04 May 2024 08:02:00 +0900",https://m.entertain.naver.com/article/438/0000064624,10
하데스타운 [서울],샤롯데씨어터,"&quot;그리스 신화와 재즈를 함께&quot;, 뮤지컬 '하데스타운' 오는 7월 개막","Fri, 03 May 2024 17:42:00 +0900",https://www.ngetnews.com/news/articleView.html?idxno=505578,10
하데스타운 [서울],샤롯데씨어터,"최정원, 첫 여성 헤르메스 눈길…뮤지컬 '하데스타운' 7월 개막","Fri, 03 May 2024 17:31:00 +0900",https://n.news.naver.com/mnews/article/003/0012528188?sid=103,10
하데스타운 [서울],샤롯데씨어터,"멜로망스 김민석, ‘하데스타운’으로 뮤지컬 첫 데뷔","Fri, 03 May 2024 16:57:00 +0900",https://m.entertain.naver.com/article/009/0005298095,10
하데스타운 [서울],샤롯데씨어터,뮤지컬 '하데스타운' 7월 개막…최정원 첫 여성 헤르메스 역,"Fri, 03 May 2024 16:24:00 +0900",https://n.news.naver.com/mnews/article/001/0014668581?sid=103,10
하데스타운 [서울],샤롯데씨어터,뮤지컬 '하데스타운' 3년 만에 무대로…캐스팅 공개,"Fri, 03 May 2024 14:37:00 +0900",https://n.news.naver.com/mnews/article/018/0005730351?sid=103,10
하데스타운 [서울],샤롯데씨어터,"멜로망스 김민석, '하데스타운'으로 데뷔 첫 뮤지컬 도전","Fri, 03 May 2024 12:22:00 +0900",https://m.entertain.naver.com/article/629/0000285555,10
하데스타운 [서울],샤롯데씨어터,김민석 뮤지컬 데뷔·최정원 韓 최초 여성 헤르메스…‘하데스타운’ 7월 개막,"Fri, 03 May 2024 10:09:00 +0900",https://n.news.naver.com/mnews/article/119/0002826560?sid=103,10
하데스타운 [서울],샤롯데씨어터,'하데스타운' 재연 7월 개막…멜로망스 김민석 뮤지컬 첫 도전,"Fri, 03 May 2024 10:01:00 +0900",https://m.entertain.naver.com/article/477/0000487965,10
하데스타운 [서울],샤롯데씨어터,"멜로망스 김민석→박강현, 최재림...'하데스타운' 캐스팅 공개","Fri, 03 May 2024 09:52:00 +0900",https://m.entertain.naver.com/article/445/0000191139,10
하데스타운 [서울],샤롯데씨어터,뮤지컬 〈하데스타운〉 7월 개막…조형균·박강현·김민석 캐스팅,"Fri, 03 May 2024 09:48:00 +0900",https://www.themusical.co.kr/News/Detail?num=14035,10
하데스타운 [서울],샤롯데씨어터,"멜로망스 김민석 뮤지컬 첫 데뷔...‘하데스타운’ 최재림, 김환희 등 캐스팅...","Fri, 03 May 2024 09:28:00 +0900",https://n.news.naver.com/mnews/article/021/0002635436?sid=103,10
하데스타운 [서울],샤롯데씨어터,'하데스타운' 최정원·린아 합류…멜로망스 김민석 뮤지컬 데뷔,"Fri, 03 May 2024 09:18:00 +0900",https://www.newdaily.co.kr/site/data/html/2024/05/03/2024050300043.html,10
하데스타운 [서울],샤롯데씨어터,"'하데스타운', 캐스팅 공개…조형균·박강현·김민석·최정원·최재림·강홍석","Fri, 03 May 2024 09:06:00 +0900",https://www.slist.kr/news/articleView.html?idxno=546132,10
하데스타운 [서울],샤롯데씨어터,"뮤지컬 ＜하데스타운＞ 한국 재연 캐스트 13인 공개…&quot;박강현, 조형균, 최정원...","Fri, 03 May 2024 09:04:00 +0900",http://www.sctoday.co.kr/news/articleView.html?idxno=42786,10
하데스타운 [서울],샤롯데씨어터,"뮤지컬 하데스타운, 7월 샤롯데씨어터 개막!","Tue, 30 Apr 2024 21:10:00 +0900",https://www.gukjenews.com/news/articleView.html?idxno=2982932,10
하데스타운 [서울],샤롯데씨어터,하반기 최고 기대작 뮤지컬 '하데스타운' 7월 개막…다음달 캐스팅 공개,"Tue, 30 Apr 2024 16:46:00 +0900",https://www.ntoday.co.kr/news/articleView.html?idxno=105514,10
하데스타운 [서울],샤롯데씨어터,&quot;세상을 구원할 노래 온다&quot;…뮤지컬 '하데스타운' 7월 개막,"Tue, 30 Apr 2024 07:40:00 +0900",https://www.newdaily.co.kr/site/data/html/2024/04/30/2024043000014.html,10
하데스타운 [서울],샤롯데씨어터,뮤지컬 '하데스타운' 7월 샤롯데씨어터 개막,"Mon, 29 Apr 2024 20:56:00 +0900",http://www.withinnews.co.kr/news/view.html?section=9&category=126&item=&no=33222,10
하데스타운 [서울],샤롯데씨어터,뮤지컬 〈하데스타운〉 다시 돌아온다…7월 샤롯데씨어터 개막,"Mon, 29 Apr 2024 12:38:00 +0900",https://www.themusical.co.kr/News/Detail?num=14030,10
하데스타운 [서울],샤롯데씨어터,"뮤지컬 ‘하데스타운’, 3년 만에 한국 공연…7월 12일 샤롯데시어터 개막","Mon, 29 Apr 2024 11:12:00 +0900",https://www.sportsw.kr/news/newsview.php?ncode=1065577072959173,10
하데스타운 [서울],샤롯데씨어터,뮤지컬'하데스타운' 두 번째 시즌 7월 개막,"Mon, 29 Apr 2024 10:00:00 +0900",http://www.m-i.kr/news/articleView.html?idxno=1115517,10
하데스타운 [서울],샤롯데씨어터,"뮤지컬 '하데스타운' 7월 돌아온다...캐스팅 공개, 티켓 오픈은 언제?","Mon, 29 Apr 2024 10:00:00 +0900",https://www.mhns.co.kr/news/articleView.html?idxno=586213,10
하데스타운 [서울],샤롯데씨어터,"뮤지컬 '하데스타운', 7월 12일 샤롯데씨어터 개막...다시 부르는 세상을 구원...","Mon, 29 Apr 2024 09:36:00 +0900",https://www.slist.kr/news/articleView.html?idxno=544933,10
하데스타운 [서울],샤롯데씨어터,"뮤지컬 '하데스타운', 37곡 라이브 넘버로 초연 감동 다시 전한다","Mon, 29 Apr 2024 09:34:00 +0900",https://www.newsculture.press/news/articleView.html?idxno=547268,10
하데스타운 [서울],샤롯데씨어터,"샤롯데씨어터, 2024년 뮤지컬 라인업... &quot;드라큘라,헤드윅, 하데스타운, 그리...","Thu, 11 Jan 2024 08:18:00 +0900",https://m.entertain.naver.com/article/438/0000061776,10
하데스타운 [서울],샤롯데씨어터,'헤드윅'·'하데스타운'·'알라딘'…2024년 샤롯데씨어터 무대에,"Wed, 10 Jan 2024 09:26:00 +0900",https://www.newdaily.co.kr/site/data/html/2024/01/10/2024011000037.html,10
하데스타운 [서울],샤롯데씨어터,"'하데스타운' 컴백→신작 '알라딘'...에스앤코 2024 라인업, 개막 일정은?","Wed, 20 Dec 2023 10:40:00 +0900",https://www.mhns.co.kr/news/articleView.html?idxno=569315,10
하데스타운 [서울],샤롯데씨어터,"'알라딘'·'스쿨 오브 락'·'디어 에반 핸슨'·'하데스타운', 글로벌 화제작 ...","Wed, 20 Dec 2023 09:50:00 +0900",https://m.entertain.naver.com/article/311/0001673582,10
하데스타운 [서울],샤롯데씨어터,'스쿨 오브 락'·'디어 에반 핸슨'·'하데스타운'·'알라딘'...에스앤코 24년...,"Wed, 20 Dec 2023 09:18:00 +0900",https://www.newsculture.press/news/articleView.html?idxno=539071,10
하데스타운 [서울],샤롯데씨어터,"'디어 에반 핸슨'x'알라딘', 2024년 韓초연…'하데스타운' 2년만 컴백","Wed, 20 Dec 2023 09:14:00 +0900",http://www.joynews24.com/view/1667467,10
하데스타운 [서울],샤롯데씨어터,"'디어 에반 핸슨'→'하데스타운', 에스앤코 2024년 라인업","Wed, 20 Dec 2023 08:42:00 +0900",https://www.slist.kr/news/articleView.html?idxno=510590,10
하데스타운 [서울],샤롯데씨어터,'2만명 확진' 공연계 파장…'레베카' '하데스타운' 등 줄취소,"Thu, 03 Feb 2022 16:43:00 +0900",http://www.newspim.com/news/view/20220203000176,10
